"Account Name","Parent Account","Account Number","Parent Account Number","Is Group","Account Type","Root Type","Account Currency"
"Assets - Aktiva - 资产","","","","1","","Asset","CZK"
"Liabilities - Pasiva - 负债","","","","1","","Liability","CZK"
"Equity - Vlastní kapitál - 权益","","","","1","","Equity","CZK"
"Expenses - Náklady - 费用","","","","1","Expense Account","Expense","CZK"
"Income - Výnosy - 收入","","","","1","Income Account","Income","CZK"
"A. - Stálá aktiva","Assets - Aktiva - 资产","","","1","","Asset","CZK"
"B. - Oběžná aktiva","Assets - Aktiva - 资产","","","1","","Asset","CZK"
"C. - Vlastní kapitál","Equity - Vlastní kapitál - 权益","","","1","","Equity","CZK"
"D. - Cizí zdroje","Liabilities - Pasiva - 负债","","","1","","Liability","CZK"
"A. - NÁKLADY CELKEM","Expenses - Náklady - 费用","","","1","","Expense","CZK"
"B. - VÝNOSY CELKEM","Income - Výnosy - 收入","","","1","","Income","CZK"
"C. - VÝSLEDEK HOSPODAŘENÍ","Income - Výnosy - 收入","","","1","","Income","CZK"
"A.I. - Dlouhodobý nehmotný majetek","A. - Stálá aktiva","","","1","","Asset","CZK"
"B.I. - Zásoby","B. - Oběžná aktiva","","","1","","Asset","CZK"
"C.I. - Jmění účetní jednotky a upravující položky","C. - Vlastní kapitál","","","1","","Equity","CZK"
"D.I. - Rezervy","D. - Cizí zdroje","","","1","","Liability","CZK"
"A.I. - Náklady z činnosti","A. - NÁKLADY CELKEM","","","1","","Expense","CZK"
"A.V. - Daň z příjmů","A. - NÁKLADY CELKEM","","","1","","Expense","CZK"
"B.I. - Výnosy z činnosti","B. - VÝNOSY CELKEM","","","1","","Income","CZK"
"B.V. - Výnosy ze sdílených daní a poplatků","B. - VÝNOSY CELKEM","","","1","","Income","CZK"
"C.1. - Výsledek hospodaření před zdaněním","C. - VÝSLEDEK HOSPODAŘENÍ","","","1","","Income","CZK"
"C.2. - Výsledek hospodaření běžného účetního období","C. - VÝSLEDEK HOSPODAŘENÍ","","","1","","Income","CZK"
"A.II. - Dlouhodobý hmotný majetek","A. - Stálá aktiva","","","1","","Asset","CZK"
"A.IV. - Dlouhodobé pohledávky","A. - Stálá aktiva","","","1","","Asset","CZK"
"B.II. - Krátkodobé pohledávky","B. - Oběžná aktiva","","","1","","Asset","CZK"
"C.II. - Fondy účetní jednotky","C. - Vlastní kapitál","","","1","","Equity","CZK"
"C.IV. - Příjmový a výdajový účet rozpočtového hospodaření","C. - Vlastní kapitál","","","1","","Equity","CZK"
"D.II. - Dlouhodobé závazky","D. - Cizí zdroje","","","1","","Liability","CZK"
"A.II. - Finanční náklady","A. - NÁKLADY CELKEM","","","1","","Expense","CZK"
"A.IV. - Náklady ze sdílených daní a poplatků","A. - NÁKLADY CELKEM","","","1","","Expense","CZK"
"B.II. - Finanční výnosy","B. - VÝNOSY CELKEM","","","1","","Income","CZK"
"B.IV. - Výnosy z transferů","B. - VÝNOSY CELKEM","","","1","","Income","CZK"
"A.I.1. - Nehmotné výsledky výzkumu a vývoje","A.I. - Dlouhodobý nehmotný majetek","","","1","","Asset","CZK"
"012 - Nehmotné výsledky výzkumu a vývoje","A.I.1. - Nehmotné výsledky výzkumu a vývoje","012","","0","","Asset","CZK"
"A.I.2. - Software","A.I. - Dlouhodobý nehmotný majetek","","","1","","Asset","CZK"
"013 - Software","A.I.2. - Software","013","","0","","Asset","CZK"
"A.I.3. - Ocenitelná práva","A.I. - Dlouhodobý nehmotný majetek","","","1","","Asset","CZK"
"014 - Ocenitelná práva","A.I.3. - Ocenitelná práva","014","","0","","Asset","CZK"
"A.I.4. - Povolenky na emise a preferenční limity","A.I. - Dlouhodobý nehmotný majetek","","","1","","Asset","CZK"
"015 - Povolenky na emise a preferenční limity","A.I.4. - Povolenky na emise a preferenční limity","015","","0","","Asset","CZK"
"A.I.5. - Drobný dlouhodobý nehmotný majetek","A.I. - Dlouhodobý nehmotný majetek","","","1","","Asset","CZK"
"018 - Drobný dlouhodobý nehmotný majetek","A.I.5. - Drobný dlouhodobý nehmotný majetek","018","","0","","Asset","CZK"
"A.I.6. - Ostatní dlouhodobý nehmotný majetek","A.I. - Dlouhodobý nehmotný majetek","","","1","","Asset","CZK"
"019 - Ostatní dlouhodobý nehmotný majetek","A.I.6. - Ostatní dlouhodobý nehmotný majetek","019","","0","","Asset","CZK"
"A.I.7. - Nedokončený dlouhodobý nehmotný majetek","A.I. - Dlouhodobý nehmotný majetek","","","1","","Asset","CZK"
"041 - Nedokončený dlouhodobý nehmotný majetek","A.I.7. - Nedokončený dlouhodobý nehmotný majetek","041","","0","","Asset","CZK"
"A.I.8. - Poskytnuté zálohy na dlouhodobý nehmotný majetek","A.I. - Dlouhodobý nehmotný majetek","","","1","","Asset","CZK"
"051 - Poskytnuté zálohy na dlouhodobý nehmotný majetek","A.I.8. - Poskytnuté zálohy na dlouhodobý nehmotný majetek","051","","0","","Asset","CZK"
"A.I.9. - Dlouhodobý nehmotný majetek určený k prodeji","A.I. - Dlouhodobý nehmotný majetek","","","1","","Asset","CZK"
"035 - Dlouhodobý nehmotný majetek určený k prodeji","A.I.9. - Dlouhodobý nehmotný majetek určený k prodeji","035","","0","","Asset","CZK"
"A.III. - Dlouhodobý finanční majetek","A. - Stálá aktiva","","","1","","Asset","CZK"
"AKTIVA - Aktiva celkem","Assets - Aktiva - 资产","","","1","","Asset","CZK"
"B.I.1. - Pořízení materiálu","B.I. - Zásoby","","","1","","Asset","CZK"
"111 - Pořízení materiálu","B.I.1. - Pořízení materiálu","111","","0","","Asset","CZK"
"B.I.2. - Materiál na skladě","B.I. - Zásoby","","","1","","Asset","CZK"
"112 - Materiál na skladě","B.I.2. - Materiál na skladě","112","","0","","Asset","CZK"
"B.I.3. - Materiál na cestě","B.I. - Zásoby","","","1","","Asset","CZK"
"119 - Materiál na cestě","B.I.3. - Materiál na cestě","119","","0","","Asset","CZK"
"B.I.4. - Nedokončená výroba","B.I. - Zásoby","","","1","","Asset","CZK"
"121 - Nedokončená výroba","B.I.4. - Nedokončená výroba","121","","0","","Asset","CZK"
"B.I.5. - Polotovary vlastní výroby","B.I. - Zásoby","","","1","","Asset","CZK"
"122 - Polotovary vlastní výroby","B.I.5. - Polotovary vlastní výroby","122","","0","","Asset","CZK"
"B.I.6. - Výrobky","B.I. - Zásoby","","","1","","Asset","CZK"
"123 - Výrobky","B.I.6. - Výrobky","123","","0","","Asset","CZK"
"B.I.7. - Pořízení zboží","B.I. - Zásoby","","","1","","Asset","CZK"
"131 - Pořízení zboží","B.I.7. - Pořízení zboží","131","","0","","Asset","CZK"
"B.I.8. - Zboží na skladě","B.I. - Zásoby","","","1","","Asset","CZK"
"132 - Zboží na skladě","B.I.8. - Zboží na skladě","132","","0","","Asset","CZK"
"B.I.9. - Zboží na cestě","B.I. - Zásoby","","","1","","Asset","CZK"
"138 - Zboží na cestě","B.I.9. - Zboží na cestě","138","","0","","Asset","CZK"
"B.III. - Krátkodobý finanční majetek","B. - Oběžná aktiva","","","1","","Asset","CZK"
"C.I.1. - Jmění účetní jednotky","C.I. - Jmění účetní jednotky a upravující položky","","","1","","Equity","CZK"
"401 - Jmění účetní jednotky","C.I.1. - Jmění účetní jednotky","401","","0","","Equity","CZK"
"C.I.2. - Fond privatizace","C.I. - Jmění účetní jednotky a upravující položky","","","1","","Equity","CZK"
"402 - Fond privatizace","C.I.2. - Fond privatizace","402","","0","","Equity","CZK"
"C.I.3. - Transfery na pořízení dlouhodobého majetku","C.I. - Jmění účetní jednotky a upravující položky","","","1","","Equity","CZK"
"403 - Transfery na pořízení dlouhodobého majetku","C.I.3. - Transfery na pořízení dlouhodobého majetku","403","","0","","Equity","CZK"
"C.I.4. - Kurzové rozdíly","C.I. - Jmění účetní jednotky a upravující položky","","","1","","Equity","CZK"
"405 - Kurzové rozdíly","C.I.4. - Kurzové rozdíly","405","","0","","Equity","CZK"
"C.I.5. - Oceňovací rozdíly při prvotním použití metody","C.I. - Jmění účetní jednotky a upravující položky","","","1","","Equity","CZK"
"406 - Oceňovací rozdíly při prvotním použití metody","C.I.5. - Oceňovací rozdíly při prvotním použití metody","406","","0","","Equity","CZK"
"C.I.6. - Jiné oceňovací rozdíly","C.I. - Jmění účetní jednotky a upravující položky","","","1","","Equity","CZK"
"407 - Jiné oceňovací rozdíly","C.I.6. - Jiné oceňovací rozdíly","407","","0","","Equity","CZK"
"C.I.7. - Opravy předcházejících účetních období","C.I. - Jmění účetní jednotky a upravující položky","","","1","","Equity","CZK"
"408 - Opravy předcházejících účetních období","C.I.7. - Opravy předcházejících účetních období","408","","0","","Equity","CZK"
"C.III. - Výsledek hospodaření","C. - Vlastní kapitál","","","1","","Equity","CZK"
"D.I.1. - Rezervy","D.I. - Rezervy","","","1","","Liability","CZK"
"441 - Rezervy","D.I.1. - Rezervy","441","","0","","Liability","CZK"
"D.III. - Krátkodobé závazky","D. - Cizí zdroje","","","1","","Liability","CZK"
"PASIVA - Pasiva celkem","Liabilities - Pasiva - 负债","","","1","","Liability","CZK"
"A.I.1. - Spotřeba materiálu","A.I. - Náklady z činnosti","","","1","","Expense","CZK"
"501 - Spotřeba materiálu","A.I.1. - Spotřeba materiálu","501","","0","","Expense","CZK"
"A.I.2. - Spotřeba energie","A.I. - Náklady z činnosti","","","1","","Expense","CZK"
"502 - Spotřeba energie","A.I.2. - Spotřeba energie","502","","0","","Expense","CZK"
"A.I.3. - Spotřeba jiných neskladovatelných dodávek","A.I. - Náklady z činnosti","","","1","","Expense","CZK"
"503 - Spotřeba jiných neskladovatelných dodávek","A.I.3. - Spotřeba jiných neskladovatelných dodávek","503","","0","","Expense","CZK"
"A.I.4. - Prodané zboží","A.I. - Náklady z činnosti","","","1","","Expense","CZK"
"504 - Prodané zboží","A.I.4. - Prodané zboží","504","","0","","Expense","CZK"
"A.I.5. - Aktivace dlouhodobého majetku","A.I. - Náklady z činnosti","","","1","","Expense","CZK"
"506 - Aktivace dlouhodobého majetku","A.I.5. - Aktivace dlouhodobého majetku","506","","0","","Expense","CZK"
"A.I.6. - Aktivace oběžného majetku","A.I. - Náklady z činnosti","","","1","","Expense","CZK"
"507 - Aktivace oběžného majetku","A.I.6. - Aktivace oběžného majetku","507","","0","","Expense","CZK"
"A.I.7. - Změna stavu zásob vlastní výroby","A.I. - Náklady z činnosti","","","1","","Expense","CZK"
"508 - Změna stavu zásob vlastní výroby","A.I.7. - Změna stavu zásob vlastní výroby","508","","0","","Expense","CZK"
"A.I.8. - Opravy a udržování","A.I. - Náklady z činnosti","","","1","","Expense","CZK"
"511 - Opravy a udržování","A.I.8. - Opravy a udržování","511","","0","","Expense","CZK"
"A.I.9. - Cestovné","A.I. - Náklady z činnosti","","","1","","Expense","CZK"
"512 - Cestovné","A.I.9. - Cestovné","512","","0","","Expense","CZK"
"A.III. - Náklady na transfery","A. - NÁKLADY CELKEM","","","1","","Expense","CZK"
"A.V.1. - Daň z příjmů","A.V. - Daň z příjmů","","","1","","Expense","CZK"
"591 - Daň z příjmů","A.V.1. - Daň z příjmů","591","","0","","Expense","CZK"
"A.V.2. - Dodatečné odvody daně z příjmů","A.V. - Daň z příjmů","","","1","","Expense","CZK"
"595 - Dodatečné odvody daně z příjmů","A.V.2. - Dodatečné odvody daně z příjmů","595","","0","","Expense","CZK"
"B.I.1. - Výnosy z prodeje vlastních výrobků","B.I. - Výnosy z činnosti","","","1","","Income","CZK"
"601 - Výnosy z prodeje vlastních výrobků","B.I.1. - Výnosy z prodeje vlastních výrobků","601","","0","","Income","CZK"
"B.I.2. - Výnosy z prodeje služeb","B.I. - Výnosy z činnosti","","","1","","Income","CZK"
"602 - Výnosy z prodeje služeb","B.I.2. - Výnosy z prodeje služeb","602","","0","","Income","CZK"
"B.I.3. - Výnosy z pronájmu","B.I. - Výnosy z činnosti","","","1","","Income","CZK"
"603 - Výnosy z pronájmu","B.I.3. - Výnosy z pronájmu","603","","0","","Income","CZK"
"B.I.4. - Výnosy z prodaného zboží","B.I. - Výnosy z činnosti","","","1","","Income","CZK"
"604 - Výnosy z prodaného zboží","B.I.4. - Výnosy z prodaného zboží","604","","0","","Income","CZK"
"B.I.5. - Výnosy ze správních poplatků","B.I. - Výnosy z činnosti","","","1","","Income","CZK"
"605 - Výnosy ze správních poplatků","B.I.5. - Výnosy ze správních poplatků","605","","0","","Income","CZK"
"B.I.6. - Výnosy z místních poplatků","B.I. - Výnosy z činnosti","","","1","","Income","CZK"
"606 - Výnosy z místních poplatků","B.I.6. - Výnosy z místních poplatků","606","","0","","Income","CZK"
"B.I.7. - Výnosy ze soudních poplatků","B.I. - Výnosy z činnosti","","","1","","Income","CZK"
"607 - Výnosy ze soudních poplatků","B.I.7. - Výnosy ze soudních poplatků","607","","0","","Income","CZK"
"B.I.8. - Jiné výnosy z vlastních výkonů","B.I. - Výnosy z činnosti","","","1","","Income","CZK"
"609 - Jiné výnosy z vlastních výkonů","B.I.8. - Jiné výnosy z vlastních výkonů","609","","0","","Income","CZK"
"B.I.9. - Smluvní pokuty a úroky z prodlení","B.I. - Výnosy z činnosti","","","1","","Income","CZK"
"641 - Smluvní pokuty a úroky z prodlení","B.I.9. - Smluvní pokuty a úroky z prodlení","641","","0","","Income","CZK"
"B.III. - Výnosy z daní a poplatků","B. - VÝNOSY CELKEM","","","1","","Income","CZK"
"B.V.1. - Výnosy ze sdílené daně z příjmů fyzických osob","B.V. - Výnosy ze sdílených daní a poplatků","","","1","","Income","CZK"
"681 - Výnosy ze sdílené daně z příjmů fyzických osob","B.V.1. - Výnosy ze sdílené daně z příjmů fyzických osob","681","","0","","Income","CZK"
"B.V.2. - Výnosy ze sdílené daně z příjmů právnických osob","B.V. - Výnosy ze sdílených daní a poplatků","","","1","","Income","CZK"
"682 - Výnosy ze sdílené daně z příjmů právnických osob","B.V.2. - Výnosy ze sdílené daně z příjmů právnických osob","682","","0","","Income","CZK"
"B.V.3. - Výnosy ze sdílené daně z přidané hodnoty","B.V. - Výnosy ze sdílených daní a poplatků","","","1","","Income","CZK"
"684 - Výnosy ze sdílené daně z přidané hodnoty","B.V.3. - Výnosy ze sdílené daně z přidané hodnoty","684","","0","","Income","CZK"
"B.V.4. - Výnosy ze sdílených spotřebních daní","B.V. - Výnosy ze sdílených daní a poplatků","","","1","","Income","CZK"
"685 - Výnosy ze sdílených spotřebních daní","B.V.4. - Výnosy ze sdílených spotřebních daní","685","","0","","Income","CZK"
"B.V.5. - Výnosy ze sdílených majetkových daní","B.V. - Výnosy ze sdílených daní a poplatků","","","1","","Income","CZK"
"686 - Výnosy ze sdílených majetkových daní","B.V.5. - Výnosy ze sdílených majetkových daní","686","","0","","Income","CZK"
"B.V.6. - Výnosy z ostatních sdílených daní a poplatků","B.V. - Výnosy ze sdílených daní a poplatků","","","1","","Income","CZK"
"688 - Výnosy z ostatních sdílených daní a poplatků","B.V.6. - Výnosy z ostatních sdílených daní a poplatků","688","","0","","Income","CZK"
"A.II.1. - Pozemky","A.II. - Dlouhodobý hmotný majetek","","","1","","Asset","CZK"
"031 - Pozemky","A.II.1. - Pozemky","031","","0","","Asset","CZK"
"A.II.2. - Kulturní předměty","A.II. - Dlouhodobý hmotný majetek","","","1","","Asset","CZK"
"032 - Kulturní předměty","A.II.2. - Kulturní předměty","032","","0","","Asset","CZK"
"A.II.3. - Stavby","A.II. - Dlouhodobý hmotný majetek","","","1","","Asset","CZK"
"021 - Stavby","A.II.3. - Stavby","021","","0","","Asset","CZK"
"A.II.4. - Samostatné hmotné movité věci a soubory hmotných movitých věcí","A.II. - Dlouhodobý hmotný majetek","","","1","","Asset","CZK"
"022 - Samostatné hmotné movité věci a soubory hmotných movitých věcí","A.II.4. - Samostatné hmotné movité věci a soubory hmotných movitých věcí","022","","0","","Asset","CZK"
"A.II.5. - Pěstitelské celky trvalých porostů","A.II. - Dlouhodobý hmotný majetek","","","1","","Asset","CZK"
"025 - Pěstitelské celky trvalých porostů","A.II.5. - Pěstitelské celky trvalých porostů","025","","0","","Asset","CZK"
"A.II.6. - Drobný dlouhodobý hmotný majetek","A.II. - Dlouhodobý hmotný majetek","","","1","","Asset","CZK"
"028 - Drobný dlouhodobý hmotný majetek","A.II.6. - Drobný dlouhodobý hmotný majetek","028","","0","","Asset","CZK"
"A.II.7. - Ostatní dlouhodobý hmotný majetek","A.II. - Dlouhodobý hmotný majetek","","","1","","Asset","CZK"
"029 - Ostatní dlouhodobý hmotný majetek","A.II.7. - Ostatní dlouhodobý hmotný majetek","029","","0","","Asset","CZK"
"A.II.8. - Nedokončený dlouhodobý hmotný majetek","A.II. - Dlouhodobý hmotný majetek","","","1","","Asset","CZK"
"042 - Nedokončený dlouhodobý hmotný majetek","A.II.8. - Nedokončený dlouhodobý hmotný majetek","042","","0","","Asset","CZK"
"A.II.9. - Poskytnuté zálohy na dlouhodobý hmotný majetek","A.II. - Dlouhodobý hmotný majetek","","","1","","Asset","CZK"
"052 - Poskytnuté zálohy na dlouhodobý hmotný majetek","A.II.9. - Poskytnuté zálohy na dlouhodobý hmotný majetek","052","","0","","Asset","CZK"
"A.IV.1. - Poskytnuté návratné finanční výpomoci dlouhodobé","A.IV. - Dlouhodobé pohledávky","","","1","","Asset","CZK"
"462 - Poskytnuté návratné finanční výpomoci dlouhodobé","A.IV.1. - Poskytnuté návratné finanční výpomoci dlouhodobé","462","","0","","Asset","CZK"
"A.IV.2. - Dlouhodobé pohledávky z postoupených úvěrů","A.IV. - Dlouhodobé pohledávky","","","1","","Asset","CZK"
"464 - Dlouhodobé pohledávky z postoupených úvěrů","A.IV.2. - Dlouhodobé pohledávky z postoupených úvěrů","464","","0","","Asset","CZK"
"A.IV.3. - Dlouhodobé poskytnuté zálohy","A.IV. - Dlouhodobé pohledávky","","","1","","Asset","CZK"
"465 - Dlouhodobé poskytnuté zálohy","A.IV.3. - Dlouhodobé poskytnuté zálohy","465","","0","","Asset","CZK"
"A.IV.4. - Dlouhodobé pohledávky z ručení","A.IV. - Dlouhodobé pohledávky","","","1","","Asset","CZK"
"466 - Dlouhodobé pohledávky z ručení","A.IV.4. - Dlouhodobé pohledávky z ručení","466","","0","","Asset","CZK"
"A.IV.5. - Ostatní dlouhodobé pohledávky","A.IV. - Dlouhodobé pohledávky","","","1","","Asset","CZK"
"469 - Ostatní dlouhodobé pohledávky","A.IV.5. - Ostatní dlouhodobé pohledávky","469","","0","","Asset","CZK"
"A.IV.6. - Dlouhodobé poskytnuté zálohy na transfery","A.IV. - Dlouhodobé pohledávky","","","1","","Asset","CZK"
"471 - Dlouhodobé poskytnuté zálohy na transfery","A.IV.6. - Dlouhodobé poskytnuté zálohy na transfery","471","","0","","Asset","CZK"
"A.IV.7. - Dlouhodobé zprostředkování transferů","A.IV. - Dlouhodobé pohledávky","","","1","","Asset","CZK"
"475 - Dlouhodobé zprostředkování transferů","A.IV.7. - Dlouhodobé zprostředkování transferů","475","","0","","Asset","CZK"
"B.I.10. - Ostatní zásoby","B.I. - Zásoby","","","1","","Asset","CZK"
"139 - Ostatní zásoby","B.I.10. - Ostatní zásoby","139","","0","","Asset","CZK"
"B.II.1. - Odběratelé","B.II. - Krátkodobé pohledávky","","","1","","Asset","CZK"
"311 - Odběratelé","B.II.1. - Odběratelé","311","","0","","Asset","CZK"
"B.II.2. - Směnky k inkasu","B.II. - Krátkodobé pohledávky","","","1","","Asset","CZK"
"312 - Směnky k inkasu","B.II.2. - Směnky k inkasu","312","","0","","Asset","CZK"
"B.II.3. - Pohledávky za eskontované cenné papíry","B.II. - Krátkodobé pohledávky","","","1","","Asset","CZK"
"313 - Pohledávky za eskontované cenné papíry","B.II.3. - Pohledávky za eskontované cenné papíry","313","","0","","Asset","CZK"
"B.II.4. - Krátkodobé poskytnuté zálohy","B.II. - Krátkodobé pohledávky","","","1","","Asset","CZK"
"314 - Krátkodobé poskytnuté zálohy","B.II.4. - Krátkodobé poskytnuté zálohy","314","","0","","Asset","CZK"
"B.II.5. - Jiné pohledávky z hlavní činnosti","B.II. - Krátkodobé pohledávky","","","1","","Asset","CZK"
"315 - Jiné pohledávky z hlavní činnosti","B.II.5. - Jiné pohledávky z hlavní činnosti","315","","0","","Asset","CZK"
"B.II.6. - Poskytnuté návratné finanční výpomoci krátkodobé","B.II. - Krátkodobé pohledávky","","","1","","Asset","CZK"
"316 - Poskytnuté návratné finanční výpomoci krátkodobé","B.II.6. - Poskytnuté návratné finanční výpomoci krátkodobé","316","","0","","Asset","CZK"
"B.II.7. - Krátkodobé pohledávky z postoupených úvěrů","B.II. - Krátkodobé pohledávky","","","1","","Asset","CZK"
"317 - Krátkodobé pohledávky z postoupených úvěrů","B.II.7. - Krátkodobé pohledávky z postoupených úvěrů","317","","0","","Asset","CZK"
"B.II.8. - Pohledávky z přerozdělovaných daní","B.II. - Krátkodobé pohledávky","","","1","","Asset","CZK"
"319 - Pohledávky z přerozdělovaných daní","B.II.8. - Pohledávky z přerozdělovaných daní","319","","0","","Asset","CZK"
"B.II.9. - Pohledávky za zaměstnanci","B.II. - Krátkodobé pohledávky","","","1","","Asset","CZK"
"335 - Pohledávky za zaměstnanci","B.II.9. - Pohledávky za zaměstnanci","335","","0","","Asset","CZK"
"C.II.1. - Fond odměn","C.II. - Fondy účetní jednotky","","","1","","Equity","CZK"
"411 - Fond odměn","C.II.1. - Fond odměn","411","","0","","Equity","CZK"
"C.II.2. - Fond kulturních a sociálních potřeb","C.II. - Fondy účetní jednotky","","","1","","Equity","CZK"
"412 - Fond kulturních a sociálních potřeb","C.II.2. - Fond kulturních a sociálních potřeb","412","","0","","Equity","CZK"
"C.II.3. - Rezervní fond tvořený ze zlepšeného výsledku hospodaření","C.II. - Fondy účetní jednotky","","","1","","Equity","CZK"
"413 - Rezervní fond tvořený ze zlepšeného výsledku hospodaření","C.II.3. - Rezervní fond tvořený ze zlepšeného výsledku hospodaření","413","","0","","Equity","CZK"
"C.II.4. - Rezervní fond z ostatních titulů","C.II. - Fondy účetní jednotky","","","1","","Equity","CZK"
"414 - Rezervní fond z ostatních titulů","C.II.4. - Rezervní fond z ostatních titulů","414","","0","","Equity","CZK"
"C.II.5. - Fond reprodukce majetku, fond investic","C.II. - Fondy účetní jednotky","","","1","","Equity","CZK"
"416 - Fond reprodukce majetku, fond investic","C.II.5. - Fond reprodukce majetku, fond investic","416","","0","","Equity","CZK"
"C.II.6. - Ostatní fondy","C.II. - Fondy účetní jednotky","","","1","","Equity","CZK"
"419 - Ostatní fondy","C.II.6. - Ostatní fondy","419","","0","","Equity","CZK"
"C.IV.1. - Příjmový účet organizačních složek státu","C.IV. - Příjmový a výdajový účet rozpočtového hospodaření","","","1","","Equity","CZK"
"222 - Příjmový účet organizačních složek státu","C.IV.1. - Příjmový účet organizačních složek státu","222","","0","","Equity","CZK"
"C.IV.2. - Zvláštní výdajový účet","C.IV. - Příjmový a výdajový účet rozpočtového hospodaření","","","1","","Equity","CZK"
"223 - Zvláštní výdajový účet","C.IV.2. - Zvláštní výdajový účet","223","","0","","Equity","CZK"
"C.IV.3. - Účet hospodaření státního rozpočtu","C.IV. - Příjmový a výdajový účet rozpočtového hospodaření","","","1","","Equity","CZK"
"227 - Účet hospodaření státního rozpočtu","C.IV.3. - Účet hospodaření státního rozpočtu","227","","0","","Equity","CZK"
"C.IV.4. - Agregované příjmy a výdaje předcházejících účetních období","C.IV. - Příjmový a výdajový účet rozpočtového hospodaření","","","1","","Equity","CZK"
"404 - Agregované příjmy a výdaje předcházejících účetních období","C.IV.4. - Agregované příjmy a výdaje předcházejících účetních období","404","","0","","Equity","CZK"
"D.II.1. - Dlouhodobé úvěry","D.II. - Dlouhodobé závazky","","","1","","Liability","CZK"
"451 - Dlouhodobé úvěry","D.II.1. - Dlouhodobé úvěry","451","","0","","Liability","CZK"
"D.II.2. - Přijaté návratné finanční výpomoci dlouhodobé","D.II. - Dlouhodobé závazky","","","1","","Liability","CZK"
"452 - Přijaté návratné finanční výpomoci dlouhodobé","D.II.2. - Přijaté návratné finanční výpomoci dlouhodobé","452","","0","","Liability","CZK"
"D.II.3. - Dlouhodobé závazky z vydaných dluhopisů","D.II. - Dlouhodobé závazky","","","1","","Liability","CZK"
"453 - Dlouhodobé závazky z vydaných dluhopisů","D.II.3. - Dlouhodobé závazky z vydaných dluhopisů","453","","0","","Liability","CZK"
"D.II.4. - Dlouhodobé přijaté zálohy","D.II. - Dlouhodobé závazky","","","1","","Liability","CZK"
"455 - Dlouhodobé přijaté zálohy","D.II.4. - Dlouhodobé přijaté zálohy","455","","0","","Liability","CZK"
"D.II.5. - Dlouhodobé závazky z ručení","D.II. - Dlouhodobé závazky","","","1","","Liability","CZK"
"456 - Dlouhodobé závazky z ručení","D.II.5. - Dlouhodobé závazky z ručení","456","","0","","Liability","CZK"
"D.II.6. - Dlouhodobé směnky k úhradě","D.II. - Dlouhodobé závazky","","","1","","Liability","CZK"
"457 - Dlouhodobé směnky k úhradě","D.II.6. - Dlouhodobé směnky k úhradě","457","","0","","Liability","CZK"
"D.II.7. - Ostatní dlouhodobé závazky","D.II. - Dlouhodobé závazky","","","1","","Liability","CZK"
"459 - Ostatní dlouhodobé závazky","D.II.7. - Ostatní dlouhodobé závazky","459","","0","","Liability","CZK"
"D.II.8. - Dlouhodobé přijaté zálohy na transfery","D.II. - Dlouhodobé závazky","","","1","","Liability","CZK"
"472 - Dlouhodobé přijaté zálohy na transfery","D.II.8. - Dlouhodobé přijaté zálohy na transfery","472","","0","","Liability","CZK"
"D.II.9. - Dlouhodobé zprostředkování transferů","D.II. - Dlouhodobé závazky","","","1","","Liability","CZK"
"475-L - Dlouhodobé zprostředkování transferů","D.II.9. - Dlouhodobé zprostředkování transferů","475-L","","0","","Liability","CZK"
"A.I.10. - Náklady na reprezentaci","A.I. - Náklady z činnosti","","","1","","Expense","CZK"
"513 - Náklady na reprezentaci","A.I.10. - Náklady na reprezentaci","513","","0","","Expense","CZK"
"A.I.11. - Aktivace vnitroorganizačních služeb","A.I. - Náklady z činnosti","","","1","","Expense","CZK"
"516 - Aktivace vnitroorganizačních služeb","A.I.11. - Aktivace vnitroorganizačních služeb","516","","0","","Expense","CZK"
"A.I.12. - Ostatní služby","A.I. - Náklady z činnosti","","","1","","Expense","CZK"
"518 - Ostatní služby","A.I.12. - Ostatní služby","518","","0","","Expense","CZK"
"A.I.13. - Mzdové náklady","A.I. - Náklady z činnosti","","","1","","Expense","CZK"
"521 - Mzdové náklady","A.I.13. - Mzdové náklady","521","","0","","Expense","CZK"
"A.I.14. - Zákonné sociální pojištění","A.I. - Náklady z činnosti","","","1","","Expense","CZK"
"524 - Zákonné sociální pojištění","A.I.14. - Zákonné sociální pojištění","524","","0","","Expense","CZK"
"A.I.15. - Jiné sociální pojištění","A.I. - Náklady z činnosti","","","1","","Expense","CZK"
"525 - Jiné sociální pojištění","A.I.15. - Jiné sociální pojištění","525","","0","","Expense","CZK"
"A.I.16. - Zákonné sociální náklady","A.I. - Náklady z činnosti","","","1","","Expense","CZK"
"527 - Zákonné sociální náklady","A.I.16. - Zákonné sociální náklady","527","","0","","Expense","CZK"
"A.I.17. - Jiné sociální náklady","A.I. - Náklady z činnosti","","","1","","Expense","CZK"
"528 - Jiné sociální náklady","A.I.17. - Jiné sociální náklady","528","","0","","Expense","CZK"
"A.I.18. - Daň silniční","A.I. - Náklady z činnosti","","","1","","Expense","CZK"
"531 - Daň silniční","A.I.18. - Daň silniční","531","","0","","Expense","CZK"
"A.I.19. - Daň z nemovitostí","A.I. - Náklady z činnosti","","","1","","Expense","CZK"
"532 - Daň z nemovitostí","A.I.19. - Daň z nemovitostí","532","","0","","Expense","CZK"
"A.I.20. - Jiné daně a poplatky","A.I. - Náklady z činnosti","","","1","","Expense","CZK"
"538 - Jiné daně a poplatky","A.I.20. - Jiné daně a poplatky","538","","0","","Expense","CZK"
"A.I.21. - Vratky nepřímých daní","A.I. - Náklady z činnosti","","","1","","Expense","CZK"
"539 - Vratky nepřímých daní","A.I.21. - Vratky nepřímých daní","539","","0","","Expense","CZK"
"A.I.22. - Smluvní pokuty a úroky z prodlení","A.I. - Náklady z činnosti","","","1","","Expense","CZK"
"541 - Smluvní pokuty a úroky z prodlení","A.I.22. - Smluvní pokuty a úroky z prodlení","541","","0","","Expense","CZK"
"A.I.23. - Jiné pokuty a penále","A.I. - Náklady z činnosti","","","1","","Expense","CZK"
"542 - Jiné pokuty a penále","A.I.23. - Jiné pokuty a penále","542","","0","","Expense","CZK"
"A.I.24. - Dary a jiná bezúplatná předání","A.I. - Náklady z činnosti","","","1","","Expense","CZK"
"543 - Dary a jiná bezúplatná předání","A.I.24. - Dary a jiná bezúplatná předání","543","","0","","Expense","CZK"
"A.I.25. - Prodaný materiál","A.I. - Náklady z činnosti","","","1","","Expense","CZK"
"544 - Prodaný materiál","A.I.25. - Prodaný materiál","544","","0","","Expense","CZK"
"A.I.26. - Manka a škody","A.I. - Náklady z činnosti","","","1","","Expense","CZK"
"547 - Manka a škody","A.I.26. - Manka a škody","547","","0","","Expense","CZK"
"A.I.27. - Tvorba fondů","A.I. - Náklady z činnosti","","","1","","Expense","CZK"
"548 - Tvorba fondů","A.I.27. - Tvorba fondů","548","","0","","Expense","CZK"
"A.I.28. - Odpisy dlouhodobého majetku","A.I. - Náklady z činnosti","","","1","","Expense","CZK"
"551 - Odpisy dlouhodobého majetku","A.I.28. - Odpisy dlouhodobého majetku","551","","0","","Expense","CZK"
"A.I.29. - Prodaný dlouhodobý nehmotný majetek","A.I. - Náklady z činnosti","","","1","","Expense","CZK"
"552 - Prodaný dlouhodobý nehmotný majetek","A.I.29. - Prodaný dlouhodobý nehmotný majetek","552","","0","","Expense","CZK"
"A.I.30. - Prodaný dlouhodobý hmotný majetek","A.I. - Náklady z činnosti","","","1","","Expense","CZK"
"553 - Prodaný dlouhodobý hmotný majetek","A.I.30. - Prodaný dlouhodobý hmotný majetek","553","","0","","Expense","CZK"
"A.I.31. - Prodané pozemky","A.I. - Náklady z činnosti","","","1","","Expense","CZK"
"554 - Prodané pozemky","A.I.31. - Prodané pozemky","554","","0","","Expense","CZK"
"A.I.32. - Tvorba a zúčtování rezerv","A.I. - Náklady z činnosti","","","1","","Expense","CZK"
"555 - Tvorba a zúčtování rezerv","A.I.32. - Tvorba a zúčtování rezerv","555","","0","","Expense","CZK"
"A.I.33. - Tvorba a zúčtování opravných položek","A.I. - Náklady z činnosti","","","1","","Expense","CZK"
"556 - Tvorba a zúčtování opravných položek","A.I.33. - Tvorba a zúčtování opravných položek","556","","0","","Expense","CZK"
"A.I.34. - Náklady z vyřazených pohledávek","A.I. - Náklady z činnosti","","","1","","Expense","CZK"
"557 - Náklady z vyřazených pohledávek","A.I.34. - Náklady z vyřazených pohledávek","557","","0","","Expense","CZK"
"A.I.35. - Náklady z drobného dlouhodobého majetku","A.I. - Náklady z činnosti","","","1","","Expense","CZK"
"558 - Náklady z drobného dlouhodobého majetku","A.I.35. - Náklady z drobného dlouhodobého majetku","558","","0","","Expense","CZK"
"A.I.36. - Ostatní náklady z činnosti","A.I. - Náklady z činnosti","","","1","","Expense","CZK"
"549 - Ostatní náklady z činnosti","A.I.36. - Ostatní náklady z činnosti","549","","0","","Expense","CZK"
"A.II.1. - Prodané cenné papíry a podíly","A.II. - Finanční náklady","","","1","","Expense","CZK"
"561 - Prodané cenné papíry a podíly","A.II.1. - Prodané cenné papíry a podíly","561","","0","","Expense","CZK"
"A.II.2. - Úroky","A.II. - Finanční náklady","","","1","","Expense","CZK"
"562 - Úroky","A.II.2. - Úroky","562","","0","","Expense","CZK"
"A.II.3. - Kurzové ztráty","A.II. - Finanční náklady","","","1","","Expense","CZK"
"563 - Kurzové ztráty","A.II.3. - Kurzové ztráty","563","","0","","Expense","CZK"
"A.II.4. - Náklady z přecenění reálnou hodnotou","A.II. - Finanční náklady","","","1","","Expense","CZK"
"564 - Náklady z přecenění reálnou hodnotou","A.II.4. - Náklady z přecenění reálnou hodnotou","564","","0","","Expense","CZK"
"A.II.5. - Ostatní finanční náklady","A.II. - Finanční náklady","","","1","","Expense","CZK"
"569 - Ostatní finanční náklady","A.II.5. - Ostatní finanční náklady","569","","0","","Expense","CZK"
"A.IV.1. - Náklady ze sdílené daně z příjmů fyzických osob","A.IV. - Náklady ze sdílených daní a poplatků","","","1","","Expense","CZK"
"581 - Náklady ze sdílené daně z příjmů fyzických osob","A.IV.1. - Náklady ze sdílené daně z příjmů fyzických osob","581","","0","","Expense","CZK"
"A.IV.2. - Náklady ze sdílené daně z příjmů právnických osob","A.IV. - Náklady ze sdílených daní a poplatků","","","1","","Expense","CZK"
"582 - Náklady ze sdílené daně z příjmů právnických osob","A.IV.2. - Náklady ze sdílené daně z příjmů právnických osob","582","","0","","Expense","CZK"
"A.IV.3. - Náklady ze sdílené daně z přidané hodnoty","A.IV. - Náklady ze sdílených daní a poplatků","","","1","","Expense","CZK"
"584 - Náklady ze sdílené daně z přidané hodnoty","A.IV.3. - Náklady ze sdílené daně z přidané hodnoty","584","","0","","Expense","CZK"
"A.IV.4. - Náklady ze sdílených spotřebních daní","A.IV. - Náklady ze sdílených daní a poplatků","","","1","","Expense","CZK"
"585 - Náklady ze sdílených spotřebních daní","A.IV.4. - Náklady ze sdílených spotřebních daní","585","","0","","Expense","CZK"
"A.IV.5. - Náklady z ostatních sdílených daní a poplatků","A.IV. - Náklady ze sdílených daní a poplatků","","","1","","Expense","CZK"
"586 - Náklady z ostatních sdílených daní a poplatků","A.IV.5. - Náklady z ostatních sdílených daní a poplatků","586","","0","","Expense","CZK"
"B.I.10. - Jiné pokuty a penále","B.I. - Výnosy z činnosti","","","1","","Income","CZK"
"642 - Jiné pokuty a penále","B.I.10. - Jiné pokuty a penále","642","","0","","Income","CZK"
"B.I.11. - Výnosy z vyřazených pohledávek","B.I. - Výnosy z činnosti","","","1","","Income","CZK"
"643 - Výnosy z vyřazených pohledávek","B.I.11. - Výnosy z vyřazených pohledávek","643","","0","","Income","CZK"
"B.I.12. - Výnosy z prodeje materiálu","B.I. - Výnosy z činnosti","","","1","","Income","CZK"
"644 - Výnosy z prodeje materiálu","B.I.12. - Výnosy z prodeje materiálu","644","","0","","Income","CZK"
"B.I.13. - Výnosy z prodeje dlouhodobého nehmotného majetku","B.I. - Výnosy z činnosti","","","1","","Income","CZK"
"645 - Výnosy z prodeje dlouhodobého nehmotného majetku","B.I.13. - Výnosy z prodeje dlouhodobého nehmotného majetku","645","","0","","Income","CZK"
"B.I.14. - Výnosy z prodeje dlouhodobého hmotného majetku kromě pozemků","B.I. - Výnosy z činnosti","","","1","","Income","CZK"
"646 - Výnosy z prodeje dlouhodobého hmotného majetku kromě pozemků","B.I.14. - Výnosy z prodeje dlouhodobého hmotného majetku kromě pozemků","646","","0","","Income","CZK"
"B.I.15. - Výnosy z prodeje pozemků","B.I. - Výnosy z činnosti","","","1","","Income","CZK"
"647 - Výnosy z prodeje pozemků","B.I.15. - Výnosy z prodeje pozemků","647","","0","","Income","CZK"
"B.I.16. - Čerpání fondů","B.I. - Výnosy z činnosti","","","1","","Income","CZK"
"648 - Čerpání fondů","B.I.16. - Čerpání fondů","648","","0","","Income","CZK"
"B.I.17. - Ostatní výnosy z činnosti","B.I. - Výnosy z činnosti","","","1","","Income","CZK"
"649 - Ostatní výnosy z činnosti","B.I.17. - Ostatní výnosy z činnosti","649","","0","","Income","CZK"
"B.II.1. - Výnosy z prodeje cenných papírů a podílů","B.II. - Finanční výnosy","","","1","","Income","CZK"
"661 - Výnosy z prodeje cenných papírů a podílů","B.II.1. - Výnosy z prodeje cenných papírů a podílů","661","","0","","Income","CZK"
"B.II.2. - Úroky","B.II. - Finanční výnosy","","","1","","Income","CZK"
"662 - Úroky","B.II.2. - Úroky","662","","0","","Income","CZK"
"B.II.3. - Kurzové zisky","B.II. - Finanční výnosy","","","1","","Income","CZK"
"663 - Kurzové zisky","B.II.3. - Kurzové zisky","663","","0","","Income","CZK"
"B.II.4. - Výnosy z přecenění reálnou hodnotou","B.II. - Finanční výnosy","","","1","","Income","CZK"
"664 - Výnosy z přecenění reálnou hodnotou","B.II.4. - Výnosy z přecenění reálnou hodnotou","664","","0","","Income","CZK"
"B.II.5. - Výnosy z dlouhodobého finančního majetku","B.II. - Finanční výnosy","","","1","","Income","CZK"
"665 - Výnosy z dlouhodobého finančního majetku","B.II.5. - Výnosy z dlouhodobého finančního majetku","665","","0","","Income","CZK"
"B.II.6. - Ostatní finanční výnosy","B.II. - Finanční výnosy","","","1","","Income","CZK"
"669 - Ostatní finanční výnosy","B.II.6. - Ostatní finanční výnosy","669","","0","","Income","CZK"
"B.IV.1. - Výnosy vybraných ústředních vládních institucí z transferů","B.IV. - Výnosy z transferů","","","1","","Income","CZK"
"671 - Výnosy vybraných ústředních vládních institucí z transferů","B.IV.1. - Výnosy vybraných ústředních vládních institucí z transferů","671","","0","","Income","CZK"
"B.IV.2. - Výnosy vybraných místních vládních institucí z transferů","B.IV. - Výnosy z transferů","","","1","","Income","CZK"
"672 - Výnosy vybraných místních vládních institucí z transferů","B.IV.2. - Výnosy vybraných místních vládních institucí z transferů","672","","0","","Income","CZK"
"B.IV.3. - Výnosy vybraných ústředních vládních institucí z předfinancování transferů","B.IV. - Výnosy z transferů","","","1","","Income","CZK"
"675 - Výnosy vybraných ústředních vládních institucí z předfinancování transferů","B.IV.3. - Výnosy vybraných ústředních vládních institucí z předfinancování transferů","675","","0","","Income","CZK"
"A.II.10. - Dlouhodobý hmotný majetek určený k prodeji","A.II. - Dlouhodobý hmotný majetek","","","1","","Asset","CZK"
"036 - Dlouhodobý hmotný majetek určený k prodeji","A.II.10. - Dlouhodobý hmotný majetek určený k prodeji","036","","0","","Asset","CZK"
"A.III.1. - Majetkové účasti v osobách s rozhodujícím vlivem","A.III. - Dlouhodobý finanční majetek","","","1","","Asset","CZK"
"061 - Majetkové účasti v osobách s rozhodujícím vlivem","A.III.1. - Majetkové účasti v osobách s rozhodujícím vlivem","061","","0","","Asset","CZK"
"A.III.2. - Majetkové účasti v osobách s podstatným vlivem","A.III. - Dlouhodobý finanční majetek","","","1","","Asset","CZK"
"062 - Majetkové účasti v osobách s podstatným vlivem","A.III.2. - Majetkové účasti v osobách s podstatným vlivem","062","","0","","Asset","CZK"
"A.III.3. - Dluhové cenné papíry držené do splatnosti","A.III. - Dlouhodobý finanční majetek","","","1","","Asset","CZK"
"063 - Dluhové cenné papíry držené do splatnosti","A.III.3. - Dluhové cenné papíry držené do splatnosti","063","","0","","Asset","CZK"
"A.III.4. - Dlouhodobé půjčky","A.III. - Dlouhodobý finanční majetek","","","1","","Asset","CZK"
"067 - Dlouhodobé půjčky","A.III.4. - Dlouhodobé půjčky","067","","0","","Asset","CZK"
"A.III.5. - Termínované vklady dlouhodobé","A.III. - Dlouhodobý finanční majetek","","","1","","Asset","CZK"
"068 - Termínované vklady dlouhodobé","A.III.5. - Termínované vklady dlouhodobé","068","","0","","Asset","CZK"
"A.III.6. - Ostatní dlouhodobý finanční majetek","A.III. - Dlouhodobý finanční majetek","","","1","","Asset","CZK"
"069 - Ostatní dlouhodobý finanční majetek","A.III.6. - Ostatní dlouhodobý finanční majetek","069","","0","","Asset","CZK"
"A.III.7. - Pořizovaný dlouhodobý finanční majetek","A.III. - Dlouhodobý finanční majetek","","","1","","Asset","CZK"
"043 - Pořizovaný dlouhodobý finanční majetek","A.III.7. - Pořizovaný dlouhodobý finanční majetek","043","","0","","Asset","CZK"
"A.III.8. - Poskytnuté zálohy na dlouhodobý finanční majetek","A.III. - Dlouhodobý finanční majetek","","","1","","Asset","CZK"
"053 - Poskytnuté zálohy na dlouhodobý finanční majetek","A.III.8. - Poskytnuté zálohy na dlouhodobý finanční majetek","053","","0","","Asset","CZK"
"B.II.10. - Sociální zabezpečení","B.II. - Krátkodobé pohledávky","","","1","","Asset","CZK"
"336 - Sociální zabezpečení","B.II.10. - Sociální zabezpečení","336","","0","","Asset","CZK"
"B.II.11. - Zdravotní pojištění","B.II. - Krátkodobé pohledávky","","","1","","Asset","CZK"
"337 - Zdravotní pojištění","B.II.11. - Zdravotní pojištění","337","","0","","Asset","CZK"
"B.II.12. - Důchodové spoření","B.II. - Krátkodobé pohledávky","","","1","","Asset","CZK"
"338 - Důchodové spoření","B.II.12. - Důchodové spoření","338","","0","","Asset","CZK"
"B.II.13. - Daň z příjmů","B.II. - Krátkodobé pohledávky","","","1","","Asset","CZK"
"341 - Daň z příjmů","B.II.13. - Daň z příjmů","341","","0","","Asset","CZK"
"B.II.14. - Ostatní daně, poplatky a jiná obdobná peněžitá plnění","B.II. - Krátkodobé pohledávky","","","1","","Asset","CZK"
"342 - Ostatní daně, poplatky a jiná obdobná peněžitá plnění","B.II.14. - Ostatní daně, poplatky a jiná obdobná peněžitá plnění","342","","0","","Asset","CZK"
"B.II.15. - Daň z přidané hodnoty","B.II. - Krátkodobé pohledávky","","","1","","Asset","CZK"
"343 - Daň z přidané hodnoty","B.II.15. - Daň z přidané hodnoty","343","","0","","Asset","CZK"
"B.II.16. - Pohledávky za osobami mimo vybrané vládní instituce","B.II. - Krátkodobé pohledávky","","","1","","Asset","CZK"
"344 - Pohledávky za osobami mimo vybrané vládní instituce","B.II.16. - Pohledávky za osobami mimo vybrané vládní instituce","344","","0","","Asset","CZK"
"B.II.17. - Pohledávky za vybranými ústředními vládními institucemi","B.II. - Krátkodobé pohledávky","","","1","","Asset","CZK"
"346 - Pohledávky za vybranými ústředními vládními institucemi","B.II.17. - Pohledávky za vybranými ústředními vládními institucemi","346","","0","","Asset","CZK"
"B.II.18. - Pohledávky za vybranými místními vládními institucemi","B.II. - Krátkodobé pohledávky","","","1","","Asset","CZK"
"348 - Pohledávky za vybranými místními vládními institucemi","B.II.18. - Pohledávky za vybranými místními vládními institucemi","348","","0","","Asset","CZK"
"B.II.19. - Pohledávky ze správy daní","B.II. - Krátkodobé pohledávky","","","1","","Asset","CZK"
"352 - Pohledávky ze správy daní","B.II.19. - Pohledávky ze správy daní","352","","0","","Asset","CZK"
"B.II.20. - Zúčtování z přerozdělování daní","B.II. - Krátkodobé pohledávky","","","1","","Asset","CZK"
"355 - Zúčtování z přerozdělování daní","B.II.20. - Zúčtování z přerozdělování daní","355","","0","","Asset","CZK"
"B.II.21. - Pohledávky z exekuce a ostatního nakládání s cizím majetkem","B.II. - Krátkodobé pohledávky","","","1","","Asset","CZK"
"356 - Pohledávky z exekuce a ostatního nakládání s cizím majetkem","B.II.21. - Pohledávky z exekuce a ostatního nakládání s cizím majetkem","356","","0","","Asset","CZK"
"B.II.22. - Ostatní pohledávky ze správy daní","B.II. - Krátkodobé pohledávky","","","1","","Asset","CZK"
"358 - Ostatní pohledávky ze správy daní","B.II.22. - Ostatní pohledávky ze správy daní","358","","0","","Asset","CZK"
"B.II.23. - Krátkodobé pohledávky z ručení","B.II. - Krátkodobé pohledávky","","","1","","Asset","CZK"
"361 - Krátkodobé pohledávky z ručení","B.II.23. - Krátkodobé pohledávky z ručení","361","","0","","Asset","CZK"
"B.II.24. - Pevné termínové operace a opce","B.II. - Krátkodobé pohledávky","","","1","","Asset","CZK"
"363 - Pevné termínové operace a opce","B.II.24. - Pevné termínové operace a opce","363","","0","","Asset","CZK"
"B.II.25. - Pohledávky z neukončených finančních operací","B.II. - Krátkodobé pohledávky","","","1","","Asset","CZK"
"369 - Pohledávky z neukončených finančních operací","B.II.25. - Pohledávky z neukončených finančních operací","369","","0","","Asset","CZK"
"B.II.26. - Pohledávky z finančního zajištění","B.II. - Krátkodobé pohledávky","","","1","","Asset","CZK"
"365 - Pohledávky z finančního zajištění","B.II.26. - Pohledávky z finančního zajištění","365","","0","","Asset","CZK"
"B.II.27. - Pohledávky z vydaných dluhopisů","B.II. - Krátkodobé pohledávky","","","1","","Asset","CZK"
"367 - Pohledávky z vydaných dluhopisů","B.II.27. - Pohledávky z vydaných dluhopisů","367","","0","","Asset","CZK"
"B.II.28. - Krátkodobé poskytnuté zálohy na transfery","B.II. - Krátkodobé pohledávky","","","1","","Asset","CZK"
"373 - Krátkodobé poskytnuté zálohy na transfery","B.II.28. - Krátkodobé poskytnuté zálohy na transfery","373","","0","","Asset","CZK"
"B.II.29. - Krátkodobé zprostředkování transferů","B.II. - Krátkodobé pohledávky","","","1","","Asset","CZK"
"375 - Krátkodobé zprostředkování transferů","B.II.29. - Krátkodobé zprostředkování transferů","375","","0","","Asset","CZK"
"B.II.30. - Náklady příštích období","B.II. - Krátkodobé pohledávky","","","1","","Asset","CZK"
"381 - Náklady příštích období","B.II.30. - Náklady příštích období","381","","0","","Asset","CZK"
"B.II.31. - Příjmy příštích období","B.II. - Krátkodobé pohledávky","","","1","","Asset","CZK"
"385 - Příjmy příštích období","B.II.31. - Příjmy příštích období","385","","0","","Asset","CZK"
"B.II.32. - Dohadné účty aktivní","B.II. - Krátkodobé pohledávky","","","1","","Asset","CZK"
"388 - Dohadné účty aktivní","B.II.32. - Dohadné účty aktivní","388","","0","","Asset","CZK"
"B.II.33. - Ostatní krátkodobé pohledávky","B.II. - Krátkodobé pohledávky","","","1","","Asset","CZK"
"377 - Ostatní krátkodobé pohledávky","B.II.33. - Ostatní krátkodobé pohledávky","377","","0","","Asset","CZK"
"B.III.1. - Majetkové cenné papíry k obchodování","B.III. - Krátkodobý finanční majetek","","","1","","Asset","CZK"
"251 - Majetkové cenné papíry k obchodování","B.III.1. - Majetkové cenné papíry k obchodování","251","","0","","Asset","CZK"
"B.III.2. - Dluhové cenné papíry k obchodování","B.III. - Krátkodobý finanční majetek","","","1","","Asset","CZK"
"253 - Dluhové cenné papíry k obchodování","B.III.2. - Dluhové cenné papíry k obchodování","253","","0","","Asset","CZK"
"B.III.3. - Jiné cenné papíry","B.III. - Krátkodobý finanční majetek","","","1","","Asset","CZK"
"256 - Jiné cenné papíry","B.III.3. - Jiné cenné papíry","256","","0","","Asset","CZK"
"B.III.4. - Termínované vklady krátkodobé","B.III. - Krátkodobý finanční majetek","","","1","","Asset","CZK"
"244 - Termínované vklady krátkodobé","B.III.4. - Termínované vklady krátkodobé","244","","0","","Asset","CZK"
"B.III.5. - Jiné běžné účty","B.III. - Krátkodobý finanční majetek","","","1","","Asset","CZK"
"245 - Jiné běžné účty","B.III.5. - Jiné běžné účty","245","","0","","Asset","CZK"
"B.III.6. - Účty státních finančních aktiv","B.III. - Krátkodobý finanční majetek","","","1","","Asset","CZK"
"247 - Účty státních finančních aktiv","B.III.6. - Účty státních finančních aktiv","247","","0","","Asset","CZK"
"B.III.7. - Účty řízení likvidity státní pokladny a státního dluhu","B.III. - Krátkodobý finanční majetek","","","1","","Asset","CZK"
"248 - Účty řízení likvidity státní pokladny a státního dluhu","B.III.7. - Účty řízení likvidity státní pokladny a státního dluhu","248","","0","","Asset","CZK"
"B.III.8. - Účty pro sdílení daní a pro dělenou správu","B.III. - Krátkodobý finanční majetek","","","1","","Asset","CZK"
"249 - Účty pro sdílení daní a pro dělenou správu","B.III.8. - Účty pro sdílení daní a pro dělenou správu","249","","0","","Asset","CZK"
"B.III.9. - Běžný účet","B.III. - Krátkodobý finanční majetek","","","1","","Asset","CZK"
"241 - Běžný účet","B.III.9. - Běžný účet","241","","0","","Asset","CZK"
"C.III.1. - Výsledek hospodaření běžného účetního období","C.III. - Výsledek hospodaření","","","1","","Equity","CZK"
"C.III.2. - Výsledek hospodaření ve schvalovacím řízení","C.III. - Výsledek hospodaření","","","1","","Equity","CZK"
"431 - Výsledek hospodaření ve schvalovacím řízení","C.III.2. - Výsledek hospodaření ve schvalovacím řízení","431","","0","","Equity","CZK"
"C.III.3. - Výsledek hospodaření předcházejících účetních období","C.III. - Výsledek hospodaření","","","1","","Equity","CZK"
"432 - Výsledek hospodaření předcházejících účetních období","C.III.3. - Výsledek hospodaření předcházejících účetních období","432","","0","","Equity","CZK"
"D.III.1. - Krátkodobé úvěry","D.III. - Krátkodobé závazky","","","1","","Liability","CZK"
"281 - Krátkodobé úvěry","D.III.1. - Krátkodobé úvěry","281","","0","","Liability","CZK"
"D.III.2. - Eskontované krátkodobé dluhopisy (směnky)","D.III. - Krátkodobé závazky","","","1","","Liability","CZK"
"282 - Eskontované krátkodobé dluhopisy (směnky)","D.III.2. - Eskontované krátkodobé dluhopisy (směnky)","282","","0","","Liability","CZK"
"D.III.3. - Krátkodobé závazky z vydaných dluhopisů","D.III. - Krátkodobé závazky","","","1","","Liability","CZK"
"283 - Krátkodobé závazky z vydaných dluhopisů","D.III.3. - Krátkodobé závazky z vydaných dluhopisů","283","","0","","Liability","CZK"
"D.III.4. - Jiné krátkodobé půjčky","D.III. - Krátkodobé závazky","","","1","","Liability","CZK"
"289 - Jiné krátkodobé půjčky","D.III.4. - Jiné krátkodobé půjčky","289","","0","","Liability","CZK"
"D.III.5. - Dodavatelé","D.III. - Krátkodobé závazky","","","1","","Liability","CZK"
"321 - Dodavatelé","D.III.5. - Dodavatelé","321","","0","","Liability","CZK"
"D.III.6. - Směnky k úhradě","D.III. - Krátkodobé závazky","","","1","","Liability","CZK"
"322 - Směnky k úhradě","D.III.6. - Směnky k úhradě","322","","0","","Liability","CZK"
"D.III.7. - Krátkodobé přijaté zálohy","D.III. - Krátkodobé závazky","","","1","","Liability","CZK"
"324 - Krátkodobé přijaté zálohy","D.III.7. - Krátkodobé přijaté zálohy","324","","0","","Liability","CZK"
"D.III.8. - Závazky z dělené správy","D.III. - Krátkodobé závazky","","","1","","Liability","CZK"
"325 - Závazky z dělené správy","D.III.8. - Závazky z dělené správy","325","","0","","Liability","CZK"
"D.III.9. - Přijaté návratné finanční výpomoci krátkodobé","D.III. - Krátkodobé závazky","","","1","","Liability","CZK"
"326 - Přijaté návratné finanční výpomoci krátkodobé","D.III.9. - Přijaté návratné finanční výpomoci krátkodobé","326","","0","","Liability","CZK"
"A.III.1. - Náklady vybraných ústředních vládních institucí na transfery","A.III. - Náklady na transfery","","","1","","Expense","CZK"
"571 - Náklady vybraných ústředních vládních institucí na transfery","A.III.1. - Náklady vybraných ústředních vládních institucí na transfery","571","","0","","Expense","CZK"
"A.III.2. - Náklady vybraných místních vládních institucí na transfery","A.III. - Náklady na transfery","","","1","","Expense","CZK"
"572 - Náklady vybraných místních vládních institucí na transfery","A.III.2. - Náklady vybraných místních vládních institucí na transfery","572","","0","","Expense","CZK"
"A.III.3. - Náklady vybraných ústředních vládních institucí na předfinancování transferů","A.III. - Náklady na transfery","","","1","","Expense","CZK"
"575 - Náklady vybraných ústředních vládních institucí na předfinancování transferů","A.III.3. - Náklady vybraných ústředních vládních institucí na předfinancování transferů","575","","0","","Expense","CZK"
"B.III.1. - Výnosy z daně z příjmů fyzických osob","B.III. - Výnosy z daní a poplatků","","","1","","Income","CZK"
"631 - Výnosy z daně z příjmů fyzických osob","B.III.1. - Výnosy z daně z příjmů fyzických osob","631","","0","","Income","CZK"
"B.III.2. - Výnosy z daně z příjmů právnických osob","B.III. - Výnosy z daní a poplatků","","","1","","Income","CZK"
"632 - Výnosy z daně z příjmů právnických osob","B.III.2. - Výnosy z daně z příjmů právnických osob","632","","0","","Income","CZK"
"B.III.3. - Výnosy ze sociálního pojištění","B.III. - Výnosy z daní a poplatků","","","1","","Income","CZK"
"633 - Výnosy ze sociálního pojištění","B.III.3. - Výnosy ze sociálního pojištění","633","","0","","Income","CZK"
"B.III.4. - Výnosy z daně z přidané hodnoty","B.III. - Výnosy z daní a poplatků","","","1","","Income","CZK"
"634 - Výnosy z daně z přidané hodnoty","B.III.4. - Výnosy z daně z přidané hodnoty","634","","0","","Income","CZK"
"B.III.5. - Výnosy ze spotřebních daní","B.III. - Výnosy z daní a poplatků","","","1","","Income","CZK"
"635 - Výnosy ze spotřebních daní","B.III.5. - Výnosy ze spotřebních daní","635","","0","","Income","CZK"
"B.III.6. - Výnosy z majetkových daní","B.III. - Výnosy z daní a poplatků","","","1","","Income","CZK"
"636 - Výnosy z majetkových daní","B.III.6. - Výnosy z majetkových daní","636","","0","","Income","CZK"
"B.III.7. - Výnosy z energetických daní","B.III. - Výnosy z daní a poplatků","","","1","","Income","CZK"
"637 - Výnosy z energetických daní","B.III.7. - Výnosy z energetických daní","637","","0","","Income","CZK"
"B.III.8. - Výnosy z daně silniční","B.III. - Výnosy z daní a poplatků","","","1","","Income","CZK"
"638 - Výnosy z daně silniční","B.III.8. - Výnosy z daně silniční","638","","0","","Income","CZK"
"B.III.9. - Výnosy z ostatních daní a poplatků","B.III. - Výnosy z daní a poplatků","","","1","","Income","CZK"
"639 - Výnosy z ostatních daní a poplatků","B.III.9. - Výnosy z ostatních daní a poplatků","639","","0","","Income","CZK"
"B.III.10. - Běžný účet FKSP","B.III. - Krátkodobý finanční majetek","","","1","","Asset","CZK"
"243 - Běžný účet FKSP","B.III.10. - Běžný účet FKSP","243","","0","","Asset","CZK"
"B.III.11. - Základní běžný účet územních samosprávných celků","B.III. - Krátkodobý finanční majetek","","","1","","Asset","CZK"
"231 - Základní běžný účet územních samosprávných celků","B.III.11. - Základní běžný účet územních samosprávných celků","231","","0","","Asset","CZK"
"B.III.12. - Běžné účty fondů územních samosprávných celků","B.III. - Krátkodobý finanční majetek","","","1","","Asset","CZK"
"236 - Běžné účty fondů územních samosprávných celků","B.III.12. - Běžné účty fondů územních samosprávných celků","236","","0","","Asset","CZK"
"B.III.13. - Běžné účty státních fondů","B.III. - Krátkodobý finanční majetek","","","1","","Asset","CZK"
"224 - Běžné účty státních fondů","B.III.13. - Běžné účty státních fondů","224","","0","","Asset","CZK"
"B.III.14. - Běžné účty fondů organizačních složek státu","B.III. - Krátkodobý finanční majetek","","","1","","Asset","CZK"
"225 - Běžné účty fondů organizačních složek státu","B.III.14. - Běžné účty fondů organizačních složek státu","225","","0","","Asset","CZK"
"B.III.15. - Ceniny","B.III. - Krátkodobý finanční majetek","","","1","","Asset","CZK"
"263 - Ceniny","B.III.15. - Ceniny","263","","0","","Asset","CZK"
"B.III.16. - Peníze na cestě","B.III. - Krátkodobý finanční majetek","","","1","","Asset","CZK"
"262 - Peníze na cestě","B.III.16. - Peníze na cestě","262","","0","","Asset","CZK"
"B.III.17. - Pokladna","B.III. - Krátkodobý finanční majetek","","","1","","Asset","CZK"
"261 - Pokladna","B.III.17. - Pokladna","261","","0","","Asset","CZK"
"D.III.10. - Zaměstnanci","D.III. - Krátkodobé závazky","","","1","","Liability","CZK"
"331 - Zaměstnanci","D.III.10. - Zaměstnanci","331","","0","","Liability","CZK"
"D.III.11. - Jiné závazky vůči zaměstnancům","D.III. - Krátkodobé závazky","","","1","","Liability","CZK"
"333 - Jiné závazky vůči zaměstnancům","D.III.11. - Jiné závazky vůči zaměstnancům","333","","0","","Liability","CZK"
"D.III.12. - Sociální zabezpečení","D.III. - Krátkodobé závazky","","","1","","Liability","CZK"
"336-L - Sociální zabezpečení","D.III.12. - Sociální zabezpečení","336-L","","0","","Liability","CZK"
"D.III.13. - Zdravotní pojištění","D.III. - Krátkodobé závazky","","","1","","Liability","CZK"
"337-L - Zdravotní pojištění","D.III.13. - Zdravotní pojištění","337-L","","0","","Liability","CZK"
"D.III.14. - Důchodové spoření","D.III. - Krátkodobé závazky","","","1","","Liability","CZK"
"338-L - Důchodové spoření","D.III.14. - Důchodové spoření","338-L","","0","","Liability","CZK"
"D.III.15. - Daň z příjmů","D.III. - Krátkodobé závazky","","","1","","Liability","CZK"
"341-L - Daň z příjmů","D.III.15. - Daň z příjmů","341-L","","0","","Liability","CZK"
"D.III.16. - Ostatní daně, poplatky a jiná obdobná peněžitá plnění","D.III. - Krátkodobé závazky","","","1","","Liability","CZK"
"342-L - Ostatní daně, poplatky a jiná obdobná peněžitá plnění","D.III.16. - Ostatní daně, poplatky a jiná obdobná peněžitá plnění","342-L","","0","","Liability","CZK"
"D.III.17. - Daň z přidané hodnoty","D.III. - Krátkodobé závazky","","","1","","Liability","CZK"
"343-L - Daň z přidané hodnoty","D.III.17. - Daň z přidané hodnoty","343-L","","0","","Liability","CZK"
"D.III.18. - Závazky k osobám mimo vybrané vládní instituce","D.III. - Krátkodobé závazky","","","1","","Liability","CZK"
"345 - Závazky k osobám mimo vybrané vládní instituce","D.III.18. - Závazky k osobám mimo vybrané vládní instituce","345","","0","","Liability","CZK"
"D.III.19. - Závazky k vybraným ústředním vládním institucím","D.III. - Krátkodobé závazky","","","1","","Liability","CZK"
"347 - Závazky k vybraným ústředním vládním institucím","D.III.19. - Závazky k vybraným ústředním vládním institucím","347","","0","","Liability","CZK"
"D.III.20. - Závazky k vybraným místním vládním institucím","D.III. - Krátkodobé závazky","","","1","","Liability","CZK"
"349 - Závazky k vybraným místním vládním institucím","D.III.20. - Závazky k vybraným místním vládním institucím","349","","0","","Liability","CZK"
"D.III.21. - Přijaté zálohy daní","D.III. - Krátkodobé závazky","","","1","","Liability","CZK"
"351 - Přijaté zálohy daní","D.III.21. - Přijaté zálohy daní","351","","0","","Liability","CZK"
"D.III.22. - Přeplatky na daních","D.III. - Krátkodobé závazky","","","1","","Liability","CZK"
"353 - Přeplatky na daních","D.III.22. - Přeplatky na daních","353","","0","","Liability","CZK"
"D.III.23. - Závazky z vratek nepřímých daní","D.III. - Krátkodobé závazky","","","1","","Liability","CZK"
"354 - Závazky z vratek nepřímých daní","D.III.23. - Závazky z vratek nepřímých daní","354","","0","","Liability","CZK"
"D.III.24. - Zúčtování z přerozdělování daní","D.III. - Krátkodobé závazky","","","1","","Liability","CZK"
"355-L - Zúčtování z přerozdělování daní","D.III.24. - Zúčtování z přerozdělování daní","355-L","","0","","Liability","CZK"
"D.III.25. - Závazky z exekuce a ostatního nakládání s cizím majetkem","D.III. - Krátkodobé závazky","","","1","","Liability","CZK"
"357 - Závazky z exekuce a ostatního nakládání s cizím majetkem","D.III.25. - Závazky z exekuce a ostatního nakládání s cizím majetkem","357","","0","","Liability","CZK"
"D.III.26. - Ostatní závazky ze správy daní","D.III. - Krátkodobé závazky","","","1","","Liability","CZK"
"359 - Ostatní závazky ze správy daní","D.III.26. - Ostatní závazky ze správy daní","359","","0","","Liability","CZK"
"D.III.27. - Krátkodobé závazky z ručení","D.III. - Krátkodobé závazky","","","1","","Liability","CZK"
"362 - Krátkodobé závazky z ručení","D.III.27. - Krátkodobé závazky z ručení","362","","0","","Liability","CZK"
"D.III.28. - Pevné termínové operace a opce","D.III. - Krátkodobé závazky","","","1","","Liability","CZK"
"363-L - Pevné termínové operace a opce","D.III.28. - Pevné termínové operace a opce","363-L","","0","","Liability","CZK"
"D.III.29. - Závazky z neukončených finančních operací","D.III. - Krátkodobé závazky","","","1","","Liability","CZK"
"364 - Závazky z neukončených finančních operací","D.III.29. - Závazky z neukončených finančních operací","364","","0","","Liability","CZK"
"D.III.30. - Závazky z finančního zajištění","D.III. - Krátkodobé závazky","","","1","","Liability","CZK"
"366 - Závazky z finančního zajištění","D.III.30. - Závazky z finančního zajištění","366","","0","","Liability","CZK"
"D.III.31. - Závazky z upsaných nesplacených cenných papírů a podílů","D.III. - Krátkodobé závazky","","","1","","Liability","CZK"
"368 - Závazky z upsaných nesplacených cenných papírů a podílů","D.III.31. - Závazky z upsaných nesplacených cenných papírů a podílů","368","","0","","Liability","CZK"
"D.III.32. - Krátkodobé přijaté zálohy na transfery","D.III. - Krátkodobé závazky","","","1","","Liability","CZK"
"374 - Krátkodobé přijaté zálohy na transfery","D.III.32. - Krátkodobé přijaté zálohy na transfery","374","","0","","Liability","CZK"
"D.III.33. - Krátkodobé zprostředkování transferů","D.III. - Krátkodobé závazky","","","1","","Liability","CZK"
"375-L - Krátkodobé zprostředkování transferů","D.III.33. - Krátkodobé zprostředkování transferů","375-L","","0","","Liability","CZK"
"D.III.34. - Závazky z řízení likvidity státní pokladny a státního dluhu","D.III. - Krátkodobé závazky","","","1","","Liability","CZK"
"248-L - Závazky z řízení likvidity státní pokladny a státního dluhu","D.III.34. - Závazky z řízení likvidity státní pokladny a státního dluhu","248-L","","0","","Liability","CZK"
"D.III.35. - Výdaje příštích období","D.III. - Krátkodobé závazky","","","1","","Liability","CZK"
"383 - Výdaje příštích období","D.III.35. - Výdaje příštích období","383","","0","","Liability","CZK"
"D.III.36. - Výnosy příštích období","D.III. - Krátkodobé závazky","","","1","","Liability","CZK"
"384 - Výnosy příštích období","D.III.36. - Výnosy příštích období","384","","0","","Liability","CZK"
"D.III.37. - Dohadné účty pasivní","D.III. - Krátkodobé závazky","","","1","","Liability","CZK"
"389 - Dohadné účty pasivní","D.III.37. - Dohadné účty pasivní","389","","0","","Liability","CZK"
"D.III.38. - Ostatní krátkodobé závazky","D.III. - Krátkodobé závazky","","","1","","Liability","CZK"
"378 - Ostatní krátkodobé závazky","D.III.38. - Ostatní krátkodobé závazky","378","","0","","Liability","CZK"
