"Account Name","Parent Account","Account Number","Parent Account Number","Is Group","Account Type","Root Type","Account Currency"
"Assets - Aktiva","","","","1","","Asset","CZK"
"Liabilities - Závazky","","","","1","","Liability","CZK"
"Equity - Vlastní kapitál","","","","1","","Equity","CZK"
"Expenses - Náklady","","","","1","Expense Account","Expense","CZK"
"Income - Výnosy","","","","1","Income Account","Income","CZK"
"0 - Dlouhodobý majetek / 长期资产","Assets - Aktiva","0","","1","","Asset",""
"01 - Dlouhodobý nehmotný majetek / 长期无形资产","0 - Dlouhodobý majetek / 长期资产","01","0","1","","Asset",""
"011 - Zřizovací výdaje / 开办费","01 - Dlouhodobý nehmotný majetek / 长期无形资产","011","01","0","","Asset","CZK"
"012 - Nehmotné výsledky výzkumu a vývoje / 无形资产 - 研发","01 - Dlouhodobý nehmotný majetek / 长期无形资产","012","01","0","","Asset","CZK"
"013 - Software / 软件","01 - Dlouhodobý nehmotný majetek / 长期无形资产","013","01","0","","Asset","CZK"
"014 - Ostatní ocenitelná práva / 其他可估价权利","01 - Dlouhodobý nehmotný majetek / 长期无形资产","014","01","0","","Asset","CZK"
"015 - Goodwill / 商誉","01 - Dlouhodobý nehmotný majetek / 长期无形资产","015","01","0","","Asset","CZK"
"019 - Ostatní dlouhodobý nehmotný majetek / 其他长期无形资产","01 - Dlouhodobý nehmotný majetek / 长期无形资产","019","01","0","","Asset","CZK"
"02 - Dlouhodobý hmotný majetek – odpisovaný / 长期有形资产 - 可折旧","0 - Dlouhodobý majetek / 长期资产","02","0","1","","Asset",""
"021 - Stavby / 建筑物","02 - Dlouhodobý hmotný majetek – odpisovaný / 长期有形资产 - 可折旧","021","02","0","Fixed Asset","Asset","CZK"
"022 - Hmotné movité věci a jejich soubory / 有形动产及其集合","02 - Dlouhodobý hmotný majetek – odpisovaný / 长期有形资产 - 可折旧","022","02","0","Fixed Asset","Asset","CZK"
"025 - Pěstitelské celky trvalých porostů / 多年生作物种植园","02 - Dlouhodobý hmotný majetek – odpisovaný / 长期有形资产 - 可折旧","025","02","0","Fixed Asset","Asset","CZK"
"026 - Dospělá zvířata a jejich skupiny / 成年动物及其群体","02 - Dlouhodobý hmotný majetek – odpisovaný / 长期有形资产 - 可折旧","026","02","0","Fixed Asset","Asset","CZK"
"029 - Ostatní dlouhodobý hmotný majetek / 其他长期有形资产","02 - Dlouhodobý hmotný majetek – odpisovaný / 长期有形资产 - 可折旧","029","02","0","Fixed Asset","Asset","CZK"
"03 - Dlouhodobý hmotný majetek – neodpisovaný / 长期有形资产 - 不可折旧","0 - Dlouhodobý majetek / 长期资产","03","0","1","","Asset",""
"031 - Pozemky / 土地","03 - Dlouhodobý hmotný majetek – neodpisovaný / 长期有形资产 - 不可折旧","031","03","0","Fixed Asset","Asset","CZK"
"032 - Umělecká díla a sbírky / 艺术品和收藏","03 - Dlouhodobý hmotný majetek – neodpisovaný / 长期有形资产 - 不可折旧","032","03","0","Fixed Asset","Asset","CZK"
"04 - Nedokončený dlouhodobý nehmotný a hmotný majetek a pořizovaný dlouhodobý finanční majetek","0 - Dlouhodobý majetek / 长期资产","04","0","1","","Asset",""
"041 - Nedokončený dlouhodobý nehmotný majetek / 未完成的长期无形资产","04 - Nedokončený dlouhodobý nehmotný a hmotný majetek a pořizovaný dlouhodobý finanční majetek","041","04","0","","Asset","CZK"
"042 - Nedokončený dlouhodobý hmotný majetek / 未完成长期有形资产","04 - Nedokončený dlouhodobý nehmotný a hmotný majetek a pořizovaný dlouhodobý finanční majetek","042","04","0","","Asset","CZK"
"043 - Pořizovaný dlouhodobý finanční majetek / 购置长期金融资产","04 - Nedokončený dlouhodobý nehmotný a hmotný majetek a pořizovaný dlouhodobý finanční majetek","043","04","0","","Asset","CZK"
"05 - Poskytnuté zálohy na dlouhodobý majetek / 提供的长期资产预付款","0 - Dlouhodobý majetek / 长期资产","05","0","1","","Asset",""
"051 - Poskytnuté zálohy na dlouhodobý nehmotný majetek / 长期无形资产预付款","05 - Poskytnuté zálohy na dlouhodobý majetek / 提供的长期资产预付款","051","05","0","","Asset","CZK"
"052 - Poskytnuté zálohy na dlouhodobý hmotný majetek / 长期有形资产预付款","05 - Poskytnuté zálohy na dlouhodobý majetek / 提供的长期资产预付款","052","05","0","","Asset","CZK"
"053 - Poskytnuté zálohy na dlouhodobý finanční majetek / 长期金融资产预付款","05 - Poskytnuté zálohy na dlouhodobý majetek / 提供的长期资产预付款","053","05","0","","Asset","CZK"
"06 - Dlouhodobý finanční majetek / 长期金融资产","0 - Dlouhodobý majetek / 长期资产","06","0","1","","Asset",""
"061 - Podíly – ovládaná nebo ovládající osoba / 股份 – 受控制或控制方","06 - Dlouhodobý finanční majetek / 长期金融资产","061","06","0","","Asset","CZK"
"062 - Podíly – podstatný vliv / 股份 – 重大影响","06 - Dlouhodobý finanční majetek / 长期金融资产","062","06","0","","Asset","CZK"
"063 - Ostatní dlouhodobé cenné papíry a podíly / 其他长期有价证券和股份","06 - Dlouhodobý finanční majetek / 长期金融资产","063","06","0","","Asset","CZK"
"065 - Dluhové cenné papíry držené do splatnosti / 持有至到期的债务证券","06 - Dlouhodobý finanční majetek / 长期金融资产","065","06","0","","Asset","CZK"
"066 - Zápůjčky a úvěry – ovládaná nebo ovládající osoba / 贷款和借款 – 受控制或控制方","06 - Dlouhodobý finanční majetek / 长期金融资产","066","06","0","","Asset","CZK"
"067 - Ostatní zápůjčky a úvěry / 其他贷款和借款","06 - Dlouhodobý finanční majetek / 长期金融资产","067","06","0","","Asset","CZK"
"069 - Ostatní dlouhodobý finanční majetek / 其他长期金融资产","06 - Dlouhodobý finanční majetek / 长期金融资产","069","06","0","","Asset","CZK"
"07 - Oprávky k dlouhodobému nehmotnému majetku / 长期无形资产的累计折旧","0 - Dlouhodobý majetek / 长期资产","07","0","1","","Asset",""
"071 - Oprávky ke zřizovacím výdajům / 开办费的累计折旧","07 - Oprávky k dlouhodobému nehmotnému majetku / 长期无形资产的累计折旧","071","07","0","Accumulated Depreciation","Asset","CZK"
"072 - Oprávky k nehmotným výsledkům výzkumu a vývoje / 无形研究和开发成果的累计折旧","07 - Oprávky k dlouhodobému nehmotnému majetku / 长期无形资产的累计折旧","072","07","0","Accumulated Depreciation","Asset","CZK"
"073 - Oprávky k softwaru / 软件的累计折旧","07 - Oprávky k dlouhodobému nehmotnému majetku / 长期无形资产的累计折旧","073","07","0","Accumulated Depreciation","Asset","CZK"
"074 - Oprávky k ostatním ocenitelným právům / 其他可估价权利的累计折旧","07 - Oprávky k dlouhodobému nehmotnému majetku / 长期无形资产的累计折旧","074","07","0","Accumulated Depreciation","Asset","CZK"
"075 - Oprávky ke goodwillu / 商誉的累计折旧","07 - Oprávky k dlouhodobému nehmotnému majetku / 长期无形资产的累计折旧","075","07","0","Accumulated Depreciation","Asset","CZK"
"079 - Oprávky k ostatnímu dlouhodobému nehmotnému majetku / 其他长期无形资产的累计折旧","07 - Oprávky k dlouhodobému nehmotnému majetku / 长期无形资产的累计折旧","079","07","0","Accumulated Depreciation","Asset","CZK"
"08 - Oprávky k dlouhodobému hmotnému majetku / 长期有形资产的累计折旧","0 - Dlouhodobý majetek / 长期资产","08","0","1","","Asset",""
"081 - Oprávky ke stavbám / 建筑物累计折旧","08 - Oprávky k dlouhodobému hmotnému majetku / 长期有形资产的累计折旧","081","08","0","Accumulated Depreciation","Asset","CZK"
"082 - Oprávky k hmotným movitým věcem a jejich souborům / 有形动产及其组合的累计折旧","08 - Oprávky k dlouhodobému hmotnému majetku / 长期有形资产的累计折旧","082","08","0","Accumulated Depreciation","Asset","CZK"
"085 - Oprávky k pěstitelským celkům trvalých porostů / 长期种植群的累计折旧","08 - Oprávky k dlouhodobému hmotnému majetku / 长期有形资产的累计折旧","085","08","0","Accumulated Depreciation","Asset","CZK"
"086 - Oprávky k dospělým zvířatům a jejich skupinám / 成年动物及其群体的累计折旧","08 - Oprávky k dlouhodobému hmotnému majetku / 长期有形资产的累计折旧","086","08","0","Accumulated Depreciation","Asset","CZK"
"089 - Oprávky k ostatnímu dlouhodobému hmotnému majetku / 其他长期有形资产的累计折旧","08 - Oprávky k dlouhodobému hmotnému majetku / 长期有形资产的累计折旧","089","08","0","Accumulated Depreciation","Asset","CZK"
"09 - Opravné položky k dlouhodobému majetku / 长期资产减值准备","0 - Dlouhodobý majetek / 长期资产","09","0","1","","Asset",""
"091 - Opravná položka k dlouhodobému nehmotnému majetku / 长期无形资产减值准备","09 - Opravné položky k dlouhodobému majetku / 长期资产减值准备","091","09","0","","Asset","CZK"
"092 - Opravná položka k dlouhodobému hmotnému majetku / 长期有形资产减值准备","09 - Opravné položky k dlouhodobému majetku / 长期资产减值准备","092","09","0","","Asset","CZK"
"093 - Opravná položka k dlouhodobému nedokončenému nehmotnému majetku / 长期未完成无形资产的减值准备","09 - Opravné položky k dlouhodobému majetku / 长期资产减值准备","093","09","0","","Asset","CZK"
"094 - Opravná položka k dlouhodobému nedokončenému hmotnému majetku / 长期未完成有形资产的减值准备","09 - Opravné položky k dlouhodobému majetku / 长期资产减值准备","094","09","0","","Asset","CZK"
"095 - Opravná položka k poskytnutým zálohám na dlouhodobý majetek / 长期资产预付款的减值准备","09 - Opravné položky k dlouhodobému majetku / 长期资产减值准备","095","09","0","","Asset","CZK"
"096 - Opravná položka k dlouhodobému finančnímu majetku / 长期金融资产的减值准备","09 - Opravné položky k dlouhodobému majetku / 长期资产减值准备","096","09","0","","Asset","CZK"
"097 - Oceňovací rozdíl k nabytému majetku / 收购资产的评估差异","09 - Opravné položky k dlouhodobému majetku / 长期资产减值准备","097","09","0","","Asset","CZK"
"098 - Oprávky k oceňovacímu rozdílu k nabytému majetku / 收购资产评估差异的累计折旧","09 - Opravné položky k dlouhodobému majetku / 长期资产减值准备","098","09","0","","Asset","CZK"
"1 - Zásoby / 存货","Assets - Aktiva","1","","1","","Asset",""
"11 - Materiál / 材料","1 - Zásoby / 存货","11","1","1","","Asset",""
"111 - Pořízení materiálu / 材料采购","11 - Materiál / 材料","111","11","0","","Asset","CZK"
"112 - Materiál na skladě / 库存材料","11 - Materiál / 材料","112","11","0","Stock","Asset","CZK"
"119 - Materiál na cestě / 在途材料","11 - Materiál / 材料","119","11","0","","Asset","CZK"
"12 - Zásoby vlastní činnosti / 自用库存","1 - Zásoby / 存货","12","1","1","","Asset",""
"121 - Nedokončená výroba / 在产品","12 - Zásoby vlastní činnosti / 自用库存","121","12","0","","Asset","CZK"
"122 - Polotovary vlastní výroby / 自制半成品","12 - Zásoby vlastní činnosti / 自用库存","122","12","0","","Asset","CZK"
"123 - Výrobky / 库存 - 成品","12 - Zásoby vlastní činnosti / 自用库存","123","12","0","","Asset","CZK"
"124 - Mladá a ostatní zvířata a jejich skupiny / 幼畜及其它动物及其群体","12 - Zásoby vlastní činnosti / 自用库存","124","12","0","","Asset","CZK"
"13 - Zboží / 商品","1 - Zásoby / 存货","13","1","1","","Asset",""
"131 - Pořízení zboží / 库存 - 外购商品","13 - Zboží / 商品","131","13","0","","Asset","CZK"
"132 - Zboží na skladě a v prodejnách / 库存和销售点的商品","13 - Zboží / 商品","132","13","0","Stock","Asset","CZK"
"139 - Zboží na cestě / 库存 - 在途商品","13 - Zboží / 商品","139","13","0","","Asset","CZK"
"15 - Poskytnuté zálohy na zásoby / 预付的存货款项","1 - Zásoby / 存货","15","1","1","","Asset",""
"151 - Poskytnuté zálohy na materiál / 预付的材料款项","15 - Poskytnuté zálohy na zásoby / 预付的存货款项","151","15","0","","Asset","CZK"
"152 - Poskytnuté zálohy na zboží / 预付的商品款项","15 - Poskytnuté zálohy na zásoby / 预付的存货款项","152","15","0","","Asset","CZK"
"153 - Poskytnuté zálohy na zvířata / 预付的动物款项","15 - Poskytnuté zálohy na zásoby / 预付的存货款项","153","15","0","","Asset","CZK"
"19 - Opravné položky k zásobám / 存货减值准备","1 - Zásoby / 存货","19","1","1","","Asset",""
"191 - Opravná položka k materiálu / 材料减值准备","19 - Opravné položky k zásobám / 存货减值准备","191","19","0","","Asset","CZK"
"192 - Opravná položka k nedokončené výrobě / 在产品减值准备","19 - Opravné položky k zásobám / 存货减值准备","192","19","0","","Asset","CZK"
"193 - Opravná položka k polotovarům vlastní výroby / 自制半成品减值准备","19 - Opravné položky k zásobám / 存货减值准备","193","19","0","","Asset","CZK"
"194 - Opravná položka k výrobkům / 产成品减值准备","19 - Opravné položky k zásobám / 存货减值准备","194","19","0","","Asset","CZK"
"195 - Opravná položka k mladým a ostatním zvířatům a jejich skupinám / 幼畜及其它动物群减值准备","19 - Opravné položky k zásobám / 存货减值准备","195","19","0","","Asset","CZK"
"196 - Opravná položka ke zboží / 商品减值准备","19 - Opravné položky k zásobám / 存货减值准备","196","19","0","","Asset","CZK"
"197 - Opravná položka k zálohám na zásoby / 预付存货款减值准备","19 - Opravné položky k zásobám / 存货减值准备","197","19","0","","Asset","CZK"
"2 - Krátkodobý finanční majetek a peněžní prostředky / 短期金融资产和银行存款","Assets - Aktiva","2","","1","","Asset",""
"21 - Peněžní prostředky v pokladně / 库存现金","2 - Krátkodobý finanční majetek a peněžní prostředky / 短期金融资产和银行存款","21","2","1","","Asset",""
"211 - Pokladna / 库存现金","21 - Peněžní prostředky v pokladně / 库存现金","211","21","0","Cash","Asset","CZK"
"213 - Ceniny / 有价票证","21 - Peněžní prostředky v pokladně / 库存现金","213","21","0","Cash","Asset","CZK"
"22 - Peněžní prostředky na účtech / 银行存款","2 - Krátkodobý finanční majetek a peněžní prostředky / 短期金融资产和银行存款","22","2","1","","Asset",""
"221 - Peněžní prostředky na účtech / 银行存款","22 - Peněžní prostředky na účtech / 银行存款","221","22","0","Bank","Asset","CZK"
"23 - Krátkodobé úvěry / 短期借款","2 - Krátkodobý finanční majetek a peněžní prostředky / 短期金融资产和银行存款","23","2","1","","Asset",""
"231 - Krátkodobé úvěry / 短期借款","23 - Krátkodobé úvěry / 短期借款","231","23","0","","Liability","CZK"
"232 - Eskontní úvěry / 贴现贷款","23 - Krátkodobé úvěry / 短期借款","232","23","0","","Liability","CZK"
"24 - Krátkodobé finanční výpomoci / 短期财务援助","2 - Krátkodobý finanční majetek a peněžní prostředky / 短期金融资产和银行存款","24","2","1","","Asset",""
"241 - Emitované krátkodobé dluhopisy / 发行的短期债券","24 - Krátkodobé finanční výpomoci / 短期财务援助","241","24","0","","Liability","CZK"
"249 - Ostatní krátkodobé finanční výpomoci / 其他短期财务援助","24 - Krátkodobé finanční výpomoci / 短期财务援助","249","24","0","","Liability","CZK"
"25 - Krátkodobý finanční majetek / 短期金融资产","2 - Krátkodobý finanční majetek a peněžní prostředky / 短期金融资产和银行存款","25","2","1","","Asset",""
"251 - Majetkové cenné papíry k obchodování / 交易性金融资产","25 - Krátkodobý finanční majetek / 短期金融资产","251","25","0","","Asset","CZK"
"252 - Vlastní podíly / 自有份额","25 - Krátkodobý finanční majetek / 短期金融资产","252","25","0","","Asset","CZK"
"253 - Registrované dluhové cenné papíry k obchodování / 交易用注册债务证券","25 - Krátkodobý finanční majetek / 短期金融资产","253","25","0","","Asset","CZK"
"254 - Směnky k inkasu / 应收票据","25 - Krátkodobý finanční majetek / 短期金融资产","254","25","0","","Asset","CZK"
"255 - Vlastní dluhopisy / 自身债务证券","25 - Krátkodobý finanční majetek / 短期金融资产","255","25","0","","Liability","CZK"
"256 - Dluhové cenné papíry se splatností do 1 roku držené do splatnosti / 持有至到期的1年内到期债务证券","25 - Krátkodobý finanční majetek / 短期金融资产","256","25","0","","Asset","CZK"
"257 - Ostatní cenné papíry k obchodování / 交易用其他证券","25 - Krátkodobý finanční majetek / 短期金融资产","257","25","0","","Asset","CZK"
"258 - Podíly – ovládaná nebo ovládající osoba / 股份 – 受控制或控制方","25 - Krátkodobý finanční majetek / 短期金融资产","258","25","0","","Asset","CZK"
"259 - Pořizování krátkodobého finančního majetku / 短期金融资产的购置","25 - Krátkodobý finanční majetek / 短期金融资产","259","25","0","","Asset","CZK"
"26 - Převody mezi finančními účty / 金融账户之间的转换","2 - Krátkodobý finanční majetek a peněžní prostředky / 短期金融资产和银行存款","26","2","1","","Asset",""
"261 - Peníze na cestě / 在途资金","26 - Převody mezi finančními účty / 金融账户之间的转换","261","26","0","","Asset","CZK"
"29 - Opravné položky ke krátkodobému finančnímu majetku / 短期金融资产的减值准备","2 - Krátkodobý finanční majetek a peněžní prostředky / 短期金融资产和银行存款","29","2","1","","Asset",""
"291 - Opravná položka ke krátkodobému finančnímu majetku / 短期金融资产的减值准备","29 - Opravné položky ke krátkodobému finančnímu majetku / 短期金融资产的减值准备","291","29","0","","Asset","CZK"
"3 - Zúčtovací vztahy / 结算关系","Liabilities - Závazky","3","","1","","Liability",""
"31 - Pohledávky (krátkodobé i dlouhodobé) / 应收账款（短期和长期）","3 - Zúčtovací vztahy / 结算关系","31","3","1","","Liability",""
"311 - Odběratelé / 应收账款 - 客户","31 - Pohledávky (krátkodobé i dlouhodobé) / 应收账款（短期和长期）","311","31","0","Receivable","Asset","CZK"
"313 - Pohledávky za eskontované cenné papíry / 贴现有价证券应收款项","31 - Pohledávky (krátkodobé i dlouhodobé) / 应收账款（短期和长期）","313","31","0","Receivable","Asset","CZK"
"314 - Poskytnuté provozní zálohy / 提供的营运预付款","31 - Pohledávky (krátkodobé i dlouhodobé) / 应收账款（短期和长期）","314","31","0","Receivable","Asset","CZK"
"315 - Ostatní pohledávky / 其他应收账款","31 - Pohledávky (krátkodobé i dlouhodobé) / 应收账款（短期和长期）","315","31","0","Receivable","Asset","CZK"
"32 - Závazky (krátkodobé) / 负债（短期）","3 - Zúčtovací vztahy / 结算关系","32","3","1","","Liability",""
"321 - Dodavatelé / 供应商","32 - Závazky (krátkodobé) / 负债（短期）","321","32","0","Payable","Liability","CZK"
"322 - Směnky k úhradě / 应付票据","32 - Závazky (krátkodobé) / 负债（短期）","322","32","0","Payable","Liability","CZK"
"324 - Přijaté provozní zálohy / 收到的营运预收款","32 - Závazky (krátkodobé) / 负债（短期）","324","32","0","Payable","Liability","CZK"
"325 - Ostatní závazky / 其他负债","32 - Závazky (krátkodobé) / 负债（短期）","325","32","0","Payable","Liability","CZK"
"33 - Zúčtování se zaměstnanci a institucemi / 与员工和机构的结算","3 - Zúčtovací vztahy / 结算关系","33","3","1","","Liability",""
"331 - Zaměstnanci / 雇员","33 - Zúčtování se zaměstnanci a institucemi / 与员工和机构的结算","331","33","0","","Liability","CZK"
"333 - Ostatní závazky vůči zaměstnancům / 对员工的其他负债","33 - Zúčtování se zaměstnanci a institucemi / 与员工和机构的结算","333","33","0","","Liability","CZK"
"335 - Pohledávky za zaměstnanci / 来自员工的应收款项","33 - Zúčtování se zaměstnanci a institucemi / 与员工和机构的结算","335","33","0","","Asset","CZK"
"336 - Zúčtování s institucemi sociálního zabezpečení a zdravotního pojištění / 与社会保障和健康保险机构的结算","33 - Zúčtování se zaměstnanci a institucemi / 与员工和机构的结算","336","33","0","","Liability","CZK"
"34 - Zúčtování daní a dotací / 税收和补贴的结算","3 - Zúčtovací vztahy / 结算关系","34","3","1","","Liability",""
"341 - Daň z příjmů / 所得税","34 - Zúčtování daní a dotací / 税收和补贴的结算","341","34","0","Tax","Liability","CZK"
"342 - Ostatní přímé daně / 其他直接税","34 - Zúčtování daní a dotací / 税收和补贴的结算","342","34","0","Tax","Liability","CZK"
"343 - Daň z přidané hodnoty / 增值税","34 - Zúčtování daní a dotací / 税收和补贴的结算","343","34","0","Tax","Liability","CZK"
"345 - Ostatní daně a poplatky / 其他税和费用","34 - Zúčtování daní a dotací / 税收和补贴的结算","345","34","0","Tax","Liability","CZK"
"346 - Dotace ze státního rozpočtu / 国家预算补贴","34 - Zúčtování daní a dotací / 税收和补贴的结算","346","34","0","","Asset","CZK"
"347 - Ostatní dotace / 其他补贴","34 - Zúčtování daní a dotací / 税收和补贴的结算","347","34","0","","Asset","CZK"
"35 - Pohledávky za společníky / 股东应收账款","3 - Zúčtovací vztahy / 结算关系","35","3","1","","Liability",""
"351 - Pohledávky – ovládaná nebo ovládající osoba / 受控制或控制方的应收账款","35 - Pohledávky za společníky / 股东应收账款","351","35","0","","Asset","CZK"
"352 - Pohledávky – podstatný vliv / 具有重大影响的应收账款","35 - Pohledávky za společníky / 股东应收账款","352","35","0","","Asset","CZK"
"353 - Pohledávky za upsaný základní kapitál / 认购股本的应收账款","35 - Pohledávky za společníky / 股东应收账款","353","35","0","","Asset","CZK"
"354 - Pohledávky za společníky při úhradě ztráty / 合伙人赔偿损失的应收账款","35 - Pohledávky za společníky / 股东应收账款","354","35","0","","Asset","CZK"
"355 - Ostatní pohledávky za společníky obchodní korporace / 商业公司其他合伙人的应收账款","35 - Pohledávky za společníky / 股东应收账款","355","35","0","","Asset","CZK"
"358 - Pohledávky za společníky sdruženými ve společnosti / 公司联合合伙人的应收账款","35 - Pohledávky za společníky / 股东应收账款","358","35","0","","Asset","CZK"
"36 - Závazky ke společníkům / 对合伙人的负债","3 - Zúčtovací vztahy / 结算关系","36","3","1","","Liability",""
"361 - Závazky – ovládaná nebo ovládající osoba / 受控制或控制人的负债","36 - Závazky ke společníkům / 对合伙人的负债","361","36","0","","Liability","CZK"
"362 - Závazky – podstatný vliv / 具有重大影响的负债","36 - Závazky ke společníkům / 对合伙人的负债","362","36","0","","Liability","CZK"
"364 - Závazky ke společníkům při rozdělování zisku / 向合伙人分配利润的负债","36 - Závazky ke společníkům / 对合伙人的负债","364","36","0","","Liability","CZK"
"365 - Ostatní závazky ke společníkům obchodní korporace / 商业公司合伙人的其他负债","36 - Závazky ke společníkům / 对合伙人的负债","365","36","0","","Liability","CZK"
"366 - Závazky ke společníkům obchodní korporace ze závislé činnosti / 商业公司合伙人从附属活动中产生的负债","36 - Závazky ke společníkům / 对合伙人的负债","366","36","0","","Liability","CZK"
"367 - Závazky z upsaných nesplacených cenných papírů a vkladů / 未付证券和存款的负债","36 - Závazky ke společníkům / 对合伙人的负债","367","36","0","","Liability","CZK"
"368 - Závazky ke společníkům sdruženým ve společnosti / 公司联合合伙人的负债","36 - Závazky ke společníkům / 对合伙人的负债","368","36","0","","Liability","CZK"
"37 - Jiné pohledávky a závazky / 其他应收账款和负债","3 - Zúčtovací vztahy / 结算关系","37","3","1","","Liability",""
"371 - Pohledávky z prodeje podniku / 出售企业产生的应收账款","37 - Jiné pohledávky a závazky / 其他应收账款和负债","371","37","0","","Asset","CZK"
"372 - Závazky z koupě podniku / 购买企业产生的负债","37 - Jiné pohledávky a závazky / 其他应收账款和负债","372","37","0","","Liability","CZK"
"373 - Pohledávky a závazky z pevných termínových operací / 固定期限交易的应收账款和负债","37 - Jiné pohledávky a závazky / 其他应收账款和负债","373","37","0","","Asset","CZK"
"374 - Pohledávky z nájmu a pachtu / 租赁和特许权的应收账款","37 - Jiné pohledávky a závazky / 其他应收账款和负债","374","37","0","","Asset","CZK"
"375 - Pohledávky z vydaných dluhopisů / 发行债券应收款项","37 - Jiné pohledávky a závazky / 其他应收账款和负债","375","37","0","","Asset","CZK"
"376 - Nakoupené opce / 购入期权","37 - Jiné pohledávky a závazky / 其他应收账款和负债","376","37","0","","Asset","CZK"
"377 - Prodané opce / 售出期权","37 - Jiné pohledávky a závazky / 其他应收账款和负债","377","37","0","","Liability","CZK"
"378 - Jiné pohledávky / 其他应收账款","37 - Jiné pohledávky a závazky / 其他应收账款和负债","378","37","0","","Asset","CZK"
"379 - Jiné závazky / 其他负债","37 - Jiné pohledávky a závazky / 其他应收账款和负债","379","37","0","","Liability","CZK"
"38 - Přechodné účty aktiv a pasiv / 过渡性资产和负债账户","3 - Zúčtovací vztahy / 结算关系","38","3","1","","Liability",""
"381 - Náklady příštích období / 预付费用","38 - Přechodné účty aktiv a pasiv / 过渡性资产和负债账户","381","38","0","","Asset","CZK"
"382 - Komplexní náklady příštích období / 未来期间的综合成本","38 - Přechodné účty aktiv a pasiv / 过渡性资产和负债账户","382","38","0","","Asset","CZK"
"383 - Výdaje příštích období / 未来期间支出","38 - Přechodné účty aktiv a pasiv / 过渡性资产和负债账户","383","38","0","","Liability","CZK"
"384 - Výnosy příštích období / 未来期间收入","38 - Přechodné účty aktiv a pasiv / 过渡性资产和负债账户","384","38","0","","Liability","CZK"
"385 - Příjmy příštích období / 递延收入","38 - Přechodné účty aktiv a pasiv / 过渡性资产和负债账户","385","38","0","","Asset","CZK"
"388 - Dohadné účty aktivní / 或有账户（主动）","38 - Přechodné účty aktiv a pasiv / 过渡性资产和负债账户","388","38","0","","Asset","CZK"
"389 - Dohadné účty pasivní / 预计负债账户（资产负债表的负债方）","38 - Přechodné účty aktiv a pasiv / 过渡性资产和负债账户","389","38","0","Stock Received But Not Billed","Liability","CZK"
"39 - Opravná položka k zúčtovacím vztahům a vnitřní zúčtování / 结算关系和内部结算的调整项目","3 - Zúčtovací vztahy / 结算关系","39","3","1","","Liability",""
"391 - Opravná položka k pohledávkám / 应收账款的调整项目","39 - Opravná položka k zúčtovacím vztahům a vnitřní zúčtování / 结算关系和内部结算的调整项目","391","39","0","","Asset","CZK"
"395 - Vnitřní zúčtování / 内部结算","39 - Opravná položka k zúčtovacím vztahům a vnitřní zúčtování / 结算关系和内部结算的调整项目","395","39","0","","Asset","CZK"
"398 - Spojovací účet při společnosti / 公司间连接账户","39 - Opravná položka k zúčtovacím vztahům a vnitřní zúčtování / 结算关系和内部结算的调整项目","398","39","0","","Asset","CZK"
"4 - Kapitálové účty a dlouhodobé závazky / 资本账户和长期负债","Equity - Vlastní kapitál","4","","1","","Equity",""
"41 - Základní kapitál a kapitálové fondy / 注册资本和资本基金","4 - Kapitálové účty a dlouhodobé závazky / 资本账户和长期负债","41","4","1","","Equity",""
"411 - Základní kapitál / 注册资本","41 - Základní kapitál a kapitálové fondy / 注册资本和资本基金","411","41","0","Equity","Equity","CZK"
"412 - Ážio / 溢价","41 - Základní kapitál a kapitálové fondy / 注册资本和资本基金","412","41","0","Equity","Equity","CZK"
"413 - Ostatní kapitálové fondy / 其他资本基金","41 - Základní kapitál a kapitálové fondy / 注册资本和资本基金","413","41","0","Equity","Equity","CZK"
"414 - Oceňovací rozdíly z přecenění majetku a závazků / 资产和负债重估差异","41 - Základní kapitál a kapitálové fondy / 注册资本和资本基金","414","41","0","","Equity","CZK"
"416 - Rozdíly z ocenění při přeměnách obchodních korporací / 企业转换时的评估差异","41 - Základní kapitál a kapitálové fondy / 注册资本和资本基金","416","41","0","","Equity","CZK"
"417 - Rozdíly z přeměn obchodních korporací / 企业转换差异","41 - Základní kapitál a kapitálové fondy / 注册资本和资本基金","417","41","0","","Equity","CZK"
"418 - Oceňovací rozdíly z přecenění při přeměnách obchodních korporací / 企业转换时的重估差异","41 - Základní kapitál a kapitálové fondy / 注册资本和资本基金","418","41","0","","Equity","CZK"
"419 - Změny základního kapitálu / 注册资本变动","41 - Základní kapitál a kapitálové fondy / 注册资本和资本基金","419","41","0","","Equity","CZK"
"42 - Fondy ze zisku a převedené výsledky hospodaření / 利润基金和转移的经营成果","4 - Kapitálové účty a dlouhodobé závazky / 资本账户和长期负债","42","4","1","","Equity",""
"421 - Ostatní rezervní fondy / 其他准备金基金","42 - Fondy ze zisku a převedené výsledky hospodaření / 利润基金和转移的经营成果","421","42","0","","Equity","CZK"
"422 - Nedělitelný fond / 不可分割基金","42 - Fondy ze zisku a převedené výsledky hospodaření / 利润基金和转移的经营成果","422","42","0","","Equity","CZK"
"423 - Statutární fondy / 法定基金","42 - Fondy ze zisku a převedené výsledky hospodaření / 利润基金和转移的经营成果","423","42","0","","Equity","CZK"
"426 - Jiný výsledek hospodaření minulých let / 以前年度其他经营成果","42 - Fondy ze zisku a převedené výsledky hospodaření / 利润基金和转移的经营成果","426","42","0","","Equity","CZK"
"427 - Ostatní fondy / 其他基金","42 - Fondy ze zisku a převedené výsledky hospodaření / 利润基金和转移的经营成果","427","42","0","","Equity","CZK"
"428 - Nerozdělený zisk minulých let / 以前年度未分配利润","42 - Fondy ze zisku a převedené výsledky hospodaření / 利润基金和转移的经营成果","428","42","0","","Equity","CZK"
"429 - Neuhrazená ztráta minulých let / 以前年度未弥补亏损","42 - Fondy ze zisku a převedené výsledky hospodaření / 利润基金和转移的经营成果","429","42","0","","Equity","CZK"
"43 - Výsledek hospodaření / 经营成果","4 - Kapitálové účty a dlouhodobé závazky / 资本账户和长期负债","43","4","1","","Equity",""
"431 - Výsledek hospodaření ve schvalovacím řízení / 审批过程中的经营成果","43 - Výsledek hospodaření / 经营成果","431","43","0","","Equity","CZK"
"432 - Rozhodnuto o zálohové výplatě podílu na zisku / 决定预付利润分配","43 - Výsledek hospodaření / 经营成果","432","43","0","","Equity","CZK"
"45 - Rezervy / 预计负债","4 - Kapitálové účty a dlouhodobé závazky / 资本账户和长期负债","45","4","1","","Liability",""
"451 - Rezervy podle zvláštních právních předpisů / 根据特殊法律规定设立的准备金","45 - Rezervy / 预计负债","451","45","0","","Liability","CZK"
"453 - Rezerva na daň z příjmů / 所得税准备金","45 - Rezervy / 预计负债","453","45","0","","Liability","CZK"
"459 - Ostatní rezervy / 其他准备金","45 - Rezervy / 预计负债","459","45","0","","Liability","CZK"
"46 - Dlouhodobé závazky k úvěrovým institucím / 对信贷机构的长期负债","4 - Kapitálové účty a dlouhodobé závazky / 资本账户和长期负债","46","4","1","","Liability",""
"461 - Závazky k úvěrovým institucím / 对信贷机构的负债","46 - Dlouhodobé závazky k úvěrovým institucím / 对信贷机构的长期负债","461","46","0","","Liability","CZK"
"47 - Dlouhodobé závazky / 长期负债","4 - Kapitálové účty a dlouhodobé závazky / 资本账户和长期负债","47","4","1","","Liability",""
"471 - Dlouhodobé závazky – ovládaná nebo ovládající osoba / 对受控制或控制方的长期负债","47 - Dlouhodobé závazky / 长期负债","471","47","0","","Liability","CZK"
"472 - Dlouhodobé závazky – podstatný vliv / 对有重大影响方的长期负债","47 - Dlouhodobé závazky / 长期负债","472","47","0","","Liability","CZK"
"473 - Vydané dluhopisy / 发行的债券","47 - Dlouhodobé závazky / 长期负债","473","47","0","","Liability","CZK"
"474 - Závazky z nájmu a pachtu / 租赁和特许权的负债","47 - Dlouhodobé závazky / 长期负债","474","47","0","","Liability","CZK"
"475 - Dlouhodobé přijaté zálohy / 长期预收款","47 - Dlouhodobé závazky / 长期负债","475","47","0","","Liability","CZK"
"478 - Dlouhodobé směnky k úhradě / 长期应付票据","47 - Dlouhodobé závazky / 长期负债","478","47","0","","Liability","CZK"
"479 - Jiné dlouhodobé závazky / 其他长期负债","47 - Dlouhodobé závazky / 长期负债","479","47","0","","Liability","CZK"
"48 - Odložený daňový závazek a pohledávka / 递延税项负债和应收账款","4 - Kapitálové účty a dlouhodobé závazky / 资本账户和长期负债","48","4","1","","Liability",""
"481 - Odložený daňový závazek a pohledávka / 递延税项负债和应收账款","48 - Odložený daňový závazek a pohledávka / 递延税项负债和应收账款","481","48","0","","Liability","CZK"
"49 - Individuální podnikatel / 个体经营者","4 - Kapitálové účty a dlouhodobé závazky / 资本账户和长期负债","49","4","1","","Equity",""
"491 - Účet individuálního podnikatele / 个体经营者账户","49 - Individuální podnikatel / 个体经营者","491","49","0","","Equity","CZK"
"5 - Náklady / 费用","Expenses - Náklady","5","","1","","Expense",""
"50 - Spotřebované nákupy / 消耗的采购","5 - Náklady / 费用","50","5","1","","Expense",""
"501 - Spotřeba materiálu / 材料消耗","50 - Spotřebované nákupy / 消耗的采购","501","50","0","Expense Account","Expense","CZK"
"502 - Spotřeba energie / 能源消耗","50 - Spotřebované nákupy / 消耗的采购","502","50","0","Expense Account","Expense","CZK"
"503 - Spotřeba ostatních neskladovatelných dodávek / 其他非库存供应品的消耗","50 - Spotřebované nákupy / 消耗的采购","503","50","0","Expense Account","Expense","CZK"
"504 - Prodané zboží / 已售商品成本","50 - Spotřebované nákupy / 消耗的采购","504","50","0","Cost of Goods Sold","Expense","CZK"
"51 - Služby / 服务","5 - Náklady / 费用","51","5","1","","Expense",""
"511 - Opravy a udržování / 修理和维护","51 - Služby / 服务","511","51","0","Expense Account","Expense","CZK"
"512 - Cestovné / 差旅费","51 - Služby / 服务","512","51","0","Expense Account","Expense","CZK"
"513 - Náklady na reprezentaci / 代表费用","51 - Služby / 服务","513","51","0","Expense Account","Expense","CZK"
"518 - Ostatní služby / 其他服务","51 - Služby / 服务","518","51","0","Expenses Included In Valuation","Expense","CZK"
"52 - Osobní náklady / 个人费用","5 - Náklady / 费用","52","5","1","","Expense",""
"521 - Mzdové náklady / 工资和薪金","52 - Osobní náklady / 个人费用","521","52","0","Expense Account","Expense","CZK"
"522 - Příjmy společníků obchodní korporace ze závislé činnosti / 商业公司合伙人从受雇活动中获得的收入","52 - Osobní náklady / 个人费用","522","52","0","Expense Account","Expense","CZK"
"523 - Odměny členům orgánů obchodních korporací / 商业公司机关成员的报酬","52 - Osobní náklady / 个人费用","523","52","0","Expense Account","Expense","CZK"
"524 - Zákonné sociální a zdravotní pojištění / 法定社会保险和健康保险","52 - Osobní náklady / 个人费用","524","52","0","Expense Account","Expense","CZK"
"525 - Ostatní sociální a zdravotní pojištění / 其他社会保险和健康保险","52 - Osobní náklady / 个人费用","525","52","0","Expense Account","Expense","CZK"
"526 - Sociální náklady individuálního podnikatele / 个体企业家的社会费用","52 - Osobní náklady / 个人费用","526","52","0","Expense Account","Expense","CZK"
"527 - Zákonné sociální náklady / 法定社会费用","52 - Osobní náklady / 个人费用","527","52","0","Expense Account","Expense","CZK"
"528 - Ostatní sociální náklady / 其他社会费用","52 - Osobní náklady / 个人费用","528","52","0","Expense Account","Expense","CZK"
"53 - Daně a poplatky / 税金和费用","5 - Náklady / 费用","53","5","1","","Expense",""
"531 - Daň silniční / 道路税","53 - Daně a poplatky / 税金和费用","531","53","0","Expense Account","Expense","CZK"
"532 - Daň z nemovitých věcí / 不动产税","53 - Daně a poplatky / 税金和费用","532","53","0","Expense Account","Expense","CZK"
"538 - Ostatní daně a poplatky / 其他税和费用","53 - Daně a poplatky / 税金和费用","538","53","0","Expense Account","Expense","CZK"
"54 - Jiné provozní náklady / 其他经营费用","5 - Náklady / 费用","54","5","1","","Expense",""
"541 - Zůstatková cena prodaného dlouhodobého nehmotného a hmotného majetku / 出售长期无形和有形资产的残值","54 - Jiné provozní náklady / 其他经营费用","541","54","0","Expense Account","Expense","CZK"
"542 - Prodaný materiál / 销售材料","54 - Jiné provozní náklady / 其他经营费用","542","54","0","Expense Account","Expense","CZK"
"543 - Poskytnuté dary v provozní oblasti / 经营领域提供的捐赠","54 - Jiné provozní náklady / 其他经营费用","543","54","0","Expense Account","Expense","CZK"
"544 - Smluvní pokuty a úroky z prodlení / 合同罚金和迟延利息","54 - Jiné provozní náklady / 其他经营费用","544","54","0","Expense Account","Expense","CZK"
"545 - Ostatní pokuty a penále / 其他罚款和罚金","54 - Jiné provozní náklady / 其他经营费用","545","54","0","Expense Account","Expense","CZK"
"546 - Odpis pohledávky / 应收账款注销","54 - Jiné provozní náklady / 其他经营费用","546","54","0","Expense Account","Expense","CZK"
"547 - Mimořádné provozní náklady / 非经常性经营费用","54 - Jiné provozní náklady / 其他经营费用","547","54","0","Expense Account","Expense","CZK"
"548 - Ostatní provozní náklady / 其他经营费用","54 - Jiné provozní náklady / 其他经营费用","548","54","0","Expense Account","Expense","CZK"
"549 - Manka a škody v provozní oblasti / 经营领域的短缺和损失","54 - Jiné provozní náklady / 其他经营费用","549","54","0","Stock Adjustment","Expense","CZK"
"55 - Odpisy a opravné položky v provozní oblasti / 经营区域的折旧和减值准备","5 - Náklady / 费用","55","5","1","","Expense",""
"551 - Odpisy dlouhodobého nehmotného a hmotného majetku / 长期无形资产和有形资产的折旧","55 - Odpisy a opravné položky v provozní oblasti / 经营区域的折旧和减值准备","551","55","0","Depreciation","Expense","CZK"
"552 - Tvorba a zúčtování rezerv podle zvláštních právních předpisů / 根据特别法律规定建立和核算准备金","55 - Odpisy a opravné položky v provozní oblasti / 经营区域的折旧和减值准备","552","55","0","Expense Account","Expense","CZK"
"554 - Tvorba a zúčtování ostatních rezerv / 其他准备金的建立和核算","55 - Odpisy a opravné položky v provozní oblasti / 经营区域的折旧和减值准备","554","55","0","Expense Account","Expense","CZK"
"555 - Tvorba a zúčtování komplexních nákladů příštích období / 未来期间综合费用的建立和核算","55 - Odpisy a opravné položky v provozní oblasti / 经营区域的折旧和减值准备","555","55","0","Expense Account","Expense","CZK"
"557 - Zúčtování oprávky k oceňovacímu rozdílu k nabytému majetku / 核算收购资产的评估差异减值","55 - Odpisy a opravné položky v provozní oblasti / 经营区域的折旧和减值准备","557","55","0","Expense Account","Expense","CZK"
"558 - Tvorba a zúčtování zákonných opravných položek / 法定减值准备的建立和核算","55 - Odpisy a opravné položky v provozní oblasti / 经营区域的折旧和减值准备","558","55","0","Expense Account","Expense","CZK"
"559 - Tvorba a zúčtování opravných položek / 调整项目的形成与结算","55 - Odpisy a opravné položky v provozní oblasti / 经营区域的折旧和减值准备","559","55","0","Expense Account","Expense","CZK"
"56 - Finanční náklady / 财务费用","5 - Náklady / 费用","56","5","1","","Expense",""
"561 - Prodané cenné papíry a podíly / 处置金融工具和股权投资","56 - Finanční náklady / 财务费用","561","56","0","Expense Account","Expense","CZK"
"562 - Úroky / 利息收入","56 - Finanční náklady / 财务费用","562","56","0","Expense Account","Expense","CZK"
"563 - Kurzové ztráty / 汇兑损失","56 - Finanční náklady / 财务费用","563","56","0","Expense Account","Expense","CZK"
"564 - Náklady z přecenění majetkových cenných papírů k obchodování / 交易性金融资产的估值亏损","56 - Finanční náklady / 财务费用","564","56","0","Expense Account","Expense","CZK"
"565 - Poskytnuté dary ve finanční oblasti / 提供的财务领域捐赠","56 - Finanční náklady / 财务费用","565","56","0","Expense Account","Expense","CZK"
"566 - Náklady z finančního majetku / 财务资产的费用","56 - Finanční náklady / 财务费用","566","56","0","Expense Account","Expense","CZK"
"567 - Náklady z derivátových operací / 衍生工具操作的费用","56 - Finanční náklady / 财务费用","567","56","0","Expense Account","Expense","CZK"
"568 - Ostatní a mimořádné finanční náklady / 其他和非经常性财务费用","56 - Finanční náklady / 财务费用","568","56","0","Expense Account","Expense","CZK"
"569 - Manka a škody na finančním majetku / 财务资产的短缺和损失","56 - Finanční náklady / 财务费用","569","56","0","Expense Account","Expense","CZK"
"57 - Rezervy a opravné položky ve finanční oblasti / 财务领域的准备金和减值准备","5 - Náklady / 费用","57","5","1","","Expense",""
"574 - Tvorba a zúčtování finančních rezerv / 财务准备金的建立和结算","57 - Rezervy a opravné položky ve finanční oblasti / 财务领域的准备金和减值准备","574","57","0","Expense Account","Expense","CZK"
"579 - Tvorba a zúčtování opravných položek ve finanční činnosti / 财务活动中的减值准备的建立和结算","57 - Rezervy a opravné položky ve finanční oblasti / 财务领域的准备金和减值准备","579","57","0","Expense Account","Expense","CZK"
"58 - Změna stavu zásob vlastní činnosti a aktivace / 自产存货状态变动及激活","5 - Náklady / 费用","58","5","1","","Expense",""
"581 - Změna stavu nedokončené výroby / 未完成生产状态变动","58 - Změna stavu zásob vlastní činnosti a aktivace / 自产存货状态变动及激活","581","58","0","Expense Account","Expense","CZK"
"582 - Změna stavu polotovarů / 半成品状态变动","58 - Změna stavu zásob vlastní činnosti a aktivace / 自产存货状态变动及激活","582","58","0","Expense Account","Expense","CZK"
"583 - Změna stavu výrobků / 产成品状态变动","58 - Změna stavu zásob vlastní činnosti a aktivace / 自产存货状态变动及激活","583","58","0","Expense Account","Expense","CZK"
"584 - Změna stavu mladých a ostatních zvířat / 幼畜及其他动物状态变动","58 - Změna stavu zásob vlastní činnosti a aktivace / 自产存货状态变动及激活","584","58","0","Expense Account","Expense","CZK"
"585 - Aktivace materiálu a zboží / 材料及商品激活","58 - Změna stavu zásob vlastní činnosti a aktivace / 自产存货状态变动及激活","585","58","0","Expense Account","Expense","CZK"
"586 - Aktivace vnitropodnikových služeb / 内部服务激活","58 - Změna stavu zásob vlastní činnosti a aktivace / 自产存货状态变动及激活","586","58","0","Expense Account","Expense","CZK"
"587 - Aktivace dlouhodobého nehmotného majetku / 长期无形资产激活","58 - Změna stavu zásob vlastní činnosti a aktivace / 自产存货状态变动及激活","587","58","0","Expense Account","Expense","CZK"
"588 - Aktivace dlouhodobého hmotného majetku / 长期有形资产的初始确认","58 - Změna stavu zásob vlastní činnosti a aktivace / 自产存货状态变动及激活","588","58","0","Expense Account","Expense","CZK"
"59 - Daně z příjmů a převodové účty / 所得税和转换账户","5 - Náklady / 费用","59","5","1","","Expense",""
"591 - Daň z příjmů – splatná / 应付所得税","59 - Daně z příjmů a převodové účty / 所得税和转换账户","591","59","0","Expense Account","Expense","CZK"
"592 - Daň z příjmů – odložená / 递延所得税","59 - Daně z příjmů a převodové účty / 所得税和转换账户","592","59","0","Expense Account","Expense","CZK"
"595 - Dodatečné odvody daně z příjmů / 额外所得税扣除","59 - Daně z příjmů a převodové účty / 所得税和转换账户","595","59","0","Expense Account","Expense","CZK"
"596 - Převod podílu na výsledku hospodaření společníkům / 向合伙人分配经营成果","59 - Daně z příjmů a převodové účty / 所得税和转换账户","596","59","0","Expense Account","Expense","CZK"
"597 - Převod provozních nákladů / 经营费用转换","59 - Daně z příjmů a převodové účty / 所得税和转换账户","597","59","0","Expense Account","Expense","CZK"
"598 - Převod finančních nákladů / 财务费用转换","59 - Daně z příjmů a převodové účty / 所得税和转换账户","598","59","0","Expense Account","Expense","CZK"
"599 - Změna stavu rezervy na daň z příjmů / 所得税准备金状态变动","59 - Daně z příjmů a převodové účty / 所得税和转换账户","599","59","0","Expense Account","Expense","CZK"
"6 - Výnosy / 收入","Income - Výnosy","6","","1","","Income",""
"60 - Tržby za vlastní výkony a zboží / 提供劳务和销售商品的收入","6 - Výnosy / 收入","60","6","1","","Income",""
"601 - Tržby za vlastní výrobky / 销售自产产品的收入","60 - Tržby za vlastní výkony a zboží / 提供劳务和销售商品的收入","601","60","0","Income Account","Income","CZK"
"602 - Tržby z prodeje služeb / 销售服务的收入","60 - Tržby za vlastní výkony a zboží / 提供劳务和销售商品的收入","602","60","0","Income Account","Income","CZK"
"604 - Tržby za zboží / 销售商品的收入","60 - Tržby za vlastní výkony a zboží / 提供劳务和销售商品的收入","604","60","0","Income Account","Income","CZK"
"64 - Jiné provozní výnosy / 其他营业收入","6 - Výnosy / 收入","64","6","1","","Income",""
"641 - Tržby z prodeje dlouhodobého nehmotného a hmotného majetku / 出售长期无形资产和有形资产的收入","64 - Jiné provozní výnosy / 其他营业收入","641","64","0","Income Account","Income","CZK"
"642 - Tržby z prodeje materiálu / 销售材料的收入","64 - Jiné provozní výnosy / 其他营业收入","642","64","0","Income Account","Income","CZK"
"643 - Přijaté dary v provozní oblasti / 经营区域收到的捐赠","64 - Jiné provozní výnosy / 其他营业收入","643","64","0","Income Account","Income","CZK"
"644 - Smluvní pokuty a úroky z prodlení / 合同罚金和迟延利息","64 - Jiné provozní výnosy / 其他营业收入","644","64","0","Income Account","Income","CZK"
"645 - Výnosy z postoupených pohledávek / 转让应收账款的收益","64 - Jiné provozní výnosy / 其他营业收入","645","64","0","Income Account","Income","CZK"
"646 - Výnosy z odepsaných pohledávek / 注销应收账款的收益","64 - Jiné provozní výnosy / 其他营业收入","646","64","0","Income Account","Income","CZK"
"647 - Mimořádné provozní výnosy / 非经常性经营收益","64 - Jiné provozní výnosy / 其他营业收入","647","64","0","Income Account","Income","CZK"
"648 - Ostatní provozní výnosy / 其他经营收益","64 - Jiné provozní výnosy / 其他营业收入","648","64","0","Income Account","Income","CZK"
"649 - Odpis záporného goodwillu a zúčtování oprávky k oceňovacímu rozdílu k nabytému majetku","64 - Jiné provozní výnosy / 其他营业收入","649","64","0","Income Account","Income","CZK"
"66 - Finanční výnosy / 财务收入","6 - Výnosy / 收入","66","6","1","","Income",""
"661 - Tržby z prodeje cenných papírů a podílů / 出售有价证券和份额的收入","66 - Finanční výnosy / 财务收入","661","66","0","Income Account","Income","CZK"
"662 - Úroky / 利息收入","66 - Finanční výnosy / 财务收入","662","66","0","Income Account","Income","CZK"
"663 - Kurzové zisky / 外汇收益","66 - Finanční výnosy / 财务收入","663","66","0","Income Account","Income","CZK"
"664 - Výnosy z přecenění majetkových cenných papírů k obchodování / 交易性金融资产的重估收益","66 - Finanční výnosy / 财务收入","664","66","0","Income Account","Income","CZK"
"665 - Výnosy z dlouhodobého finančního majetku / 长期金融资产收益","66 - Finanční výnosy / 财务收入","665","66","0","Income Account","Income","CZK"
"666 - Výnosy z krátkodobého finančního majetku / 短期金融资产收益","66 - Finanční výnosy / 财务收入","666","66","0","Income Account","Income","CZK"
"667 - Výnosy z derivátových operací / 衍生工具操作收益","66 - Finanční výnosy / 财务收入","667","66","0","Income Account","Income","CZK"
"668 - Ostatní finanční a mimořádné výnosy / 其他金融和非经常性收益","66 - Finanční výnosy / 财务收入","668","66","0","Income Account","Income","CZK"
"669 - Přijaté dary ve finanční oblasti / 金融领域的接受捐赠","66 - Finanční výnosy / 财务收入","669","66","0","Income Account","Income","CZK"
"69 - Převodové účty / 转换账户","6 - Výnosy / 收入","69","6","1","","Income",""
"697 - Převod provozních výnosů / 经营收益转换","69 - Převodové účty / 转换账户","697","69","0","Income Account","Income","CZK"
"698 - Převod finančních výnosů / 金融收益转换","69 - Převodové účty / 转换账户","698","69","0","Income Account","Income","CZK"
"7 - Závěrkové a podrozvahové účty / 结账和分账账户","Equity - Vlastní kapitál","7","","1","","Equity",""
"70 - Účty rozvažné / 审慎账户","7 - Závěrkové a podrozvahové účty / 结账和分账账户","70","7","1","","Equity",""
"701 - Počáteční účet rozvažný / 期初审慎账户","70 - Účty rozvažné / 审慎账户","701","70","0","","Equity","CZK"
"702 - Konečný účet rozvažný / 期末审慎账户","70 - Účty rozvažné / 审慎账户","702","70","0","","Equity","CZK"
"71 - Účet zisků a ztrát / 损益表","7 - Závěrkové a podrozvahové účty / 结账和分账账户","71","7","1","","Equity",""
"710 - Účet zisků a ztrát / 损益表","71 - Účet zisků a ztrát / 损益表","710","71","0","","Equity","CZK"
