"Account Name","Parent Account","Account Number","Is Group","Account Type","Root Type","Account Currency"
"Assets - Aktiva","","","1","","Asset","CZK"
"Liabilities - Závazky","","","1","","Liability","CZK"
"Equity - Vlastní kapitál","","","1","","Equity","CZK"
"Expenses - Náklady","","","1","Expense Account","Expense","CZK"
"Income - Výnosy","","","1","Income Account","Income","CZK"
"0 - Dlouhodobý majetek / Long-term Assets / 长期资产","Assets - Aktiva","0","1","","Asset",""
"01 - Dlouhodobý nehmotný majetek / Intangible Assets - Long-term / 长期无形资产","0 - Dlouhodobý majetek / Long-term Assets / 长期资产","01","1","","Asset",""
"011 - Zřizovací výdaje / Start-up Costs / 开办费","01 - Dlouhodobý nehmotný majetek / Intangible Assets - Long-term / 长期无形资产","011","0","","Asset","CZK"
"012 - Nehmotné výsledky výzkumu a vývoje / Intangible Assets - Research and Development / 无形资产 - 研发","01 - Dlouhodobý nehmotný majetek / Intangible Assets - Long-term / 长期无形资产","012","0","","Asset","CZK"
"013 - Software / Software / 软件","01 - Dlouhodobý nehmotný majetek / Intangible Assets - Long-term / 长期无形资产","013","0","","Asset","CZK"
"014 - Ostatní ocenitelná práva / Other Valuable Rights / 其他可估价权利","01 - Dlouhodobý nehmotný majetek / Intangible Assets - Long-term / 长期无形资产","014","0","","Asset","CZK"
"015 - Goodwill / Goodwill / 商誉","01 - Dlouhodobý nehmotný majetek / Intangible Assets - Long-term / 长期无形资产","015","0","","Asset","CZK"
"019 - Ostatní dlouhodobý nehmotný majetek / Other Long-term Intangible Assets / 其他长期无形资产","01 - Dlouhodobý nehmotný majetek / Intangible Assets - Long-term / 长期无形资产","019","0","","Asset","CZK"
"02 - Dlouhodobý hmotný majetek – odpisovaný / Depreciable Long-term Tangible Assets / 长期有形资产 - 可折旧","0 - Dlouhodobý majetek / Long-term Assets / 长期资产","02","1","","Asset",""
"021 - Stavby / Buildings / 建筑物","02 - Dlouhodobý hmotný majetek – odpisovaný / Depreciable Long-term Tangible Assets / 长期有形资产 - 可折旧","021","0","Fixed Asset","Asset","CZK"
"022 - Hmotné movité věci a jejich soubory / Tangible Movable Property and Groups / 有形动产及其集合","02 - Dlouhodobý hmotný majetek – odpisovaný / Depreciable Long-term Tangible Assets / 长期有形资产 - 可折旧","022","0","Fixed Asset","Asset","CZK"
"025 - Pěstitelské celky trvalých porostů / Perennial Crop Plantations / 多年生作物种植园","02 - Dlouhodobý hmotný majetek – odpisovaný / Depreciable Long-term Tangible Assets / 长期有形资产 - 可折旧","025","0","Fixed Asset","Asset","CZK"
"026 - Dospělá zvířata a jejich skupiny / Mature Animals and Groups / 成年动物及其群体","02 - Dlouhodobý hmotný majetek – odpisovaný / Depreciable Long-term Tangible Assets / 长期有形资产 - 可折旧","026","0","Fixed Asset","Asset","CZK"
"029 - Ostatní dlouhodobý hmotný majetek / Other Long-term Tangible Assets / 其他长期有形资产","02 - Dlouhodobý hmotný majetek – odpisovaný / Depreciable Long-term Tangible Assets / 长期有形资产 - 可折旧","029","0","Fixed Asset","Asset","CZK"
"03 - Dlouhodobý hmotný majetek – neodpisovaný / NDLTA / 长期有形资产 - 不可折旧","0 - Dlouhodobý majetek / Long-term Assets / 长期资产","03","1","","Asset",""
"031 - Pozemky / Land / 土地","03 - Dlouhodobý hmotný majetek – neodpisovaný / NDLTA / 长期有形资产 - 不可折旧","031","0","Fixed Asset","Asset","CZK"
"032 - Umělecká díla a sbírky / Artworks and Collections / 艺术品和收藏","03 - Dlouhodobý hmotný majetek – neodpisovaný / NDLTA / 长期有形资产 - 不可折旧","032","0","Fixed Asset","Asset","CZK"
"04 - Nedokončený dlouhodobý nehmotný a hmotný majetek a pořizovaný dlouhodobý finanční majetek","0 - Dlouhodobý majetek / Long-term Assets / 长期资产","04","1","","Asset",""
"041 - Nedokončený dlouhodobý nehmotný majetek / Incomplete Long-term Intangible Assets / 未完成的长期无形资产","04 - Nedokončený dlouhodobý nehmotný a hmotný majetek a pořizovaný dlouhodobý finanční majetek","041","0","","Asset","CZK"
"042 - Nedokončený dlouhodobý hmotný majetek / Incomplete Long-term Tangible Assets / 未完成长期有形资产","04 - Nedokončený dlouhodobý nehmotný a hmotný majetek a pořizovaný dlouhodobý finanční majetek","042","0","","Asset","CZK"
"043 - Pořizovaný dlouhodobý finanční majetek / Acquisition of Long-term Financial Assets / 购置长期金融资产","04 - Nedokončený dlouhodobý nehmotný a hmotný majetek a pořizovaný dlouhodobý finanční majetek","043","0","","Asset","CZK"
"05 - Poskytnuté zálohy na dlouhodobý majetek / Advances for Long-term Assets / 提供的长期资产预付款","0 - Dlouhodobý majetek / Long-term Assets / 长期资产","05","1","","Asset",""
"051 - Poskytnuté zálohy na dlouhodobý nehmotný majetek / Adv. for L-T Intangibles / 长期无形资产预付款","05 - Poskytnuté zálohy na dlouhodobý majetek / Advances for Long-term Assets / 提供的长期资产预付款","051","0","","Asset","CZK"
"052 - Poskytnuté zálohy na dlouhodobý hmotný majetek / Adv. for LT Tang. Assets / 长期有形资产预付款","05 - Poskytnuté zálohy na dlouhodobý majetek / Advances for Long-term Assets / 提供的长期资产预付款","052","0","","Asset","CZK"
"053 - Poskytnuté zálohy na dlouhodobý finanční majetek / Adv. Long-term FA / 长期金融资产预付款","05 - Poskytnuté zálohy na dlouhodobý majetek / Advances for Long-term Assets / 提供的长期资产预付款","053","0","","Asset","CZK"
"06 - Dlouhodobý finanční majetek / Long-term Financial Assets / 长期金融资产","0 - Dlouhodobý majetek / Long-term Assets / 长期资产","06","1","","Asset",""
"061 - Podíly – ovládaná nebo ovládající osoba / Eq Inv Ctrl / 股份 – 受控制或控制方","06 - Dlouhodobý finanční majetek / Long-term Financial Assets / 长期金融资产","061","0","","Asset","CZK"
"062 - Podíly – podstatný vliv / Equity Investments – Significant Influence / 股份 – 重大影响","06 - Dlouhodobý finanční majetek / Long-term Financial Assets / 长期金融资产","062","0","","Asset","CZK"
"063 - Ostatní dlouhodobé cenné papíry a podíly / Other L-T Sec / 其他长期有价证券和股份","06 - Dlouhodobý finanční majetek / Long-term Financial Assets / 长期金融资产","063","0","","Asset","CZK"
"065 - Dluhové cenné papíry držené do splatnosti / Held-to-Maturity Debt Securities / 持有至到期的债务证券","06 - Dlouhodobý finanční majetek / Long-term Financial Assets / 长期金融资产","065","0","","Asset","CZK"
"066 - Zápůjčky a úvěry – ovládaná nebo ovládající osoba / Loans Ctrl / 贷款和借款 – 受控制或控制方","06 - Dlouhodobý finanční majetek / Long-term Financial Assets / 长期金融资产","066","0","","Asset","CZK"
"067 - Ostatní zápůjčky a úvěry / Other Loans and Advances / 其他贷款和借款","06 - Dlouhodobý finanční majetek / Long-term Financial Assets / 长期金融资产","067","0","","Asset","CZK"
"069 - Ostatní dlouhodobý finanční majetek / Other Long-term Financial Assets / 其他长期金融资产","06 - Dlouhodobý finanční majetek / Long-term Financial Assets / 长期金融资产","069","0","","Asset","CZK"
"07 - Oprávky k dlouhodobému nehmotnému majetku / Depreciation Intangibles / 长期无形资产的累计折旧","0 - Dlouhodobý majetek / Long-term Assets / 长期资产","07","1","","Asset",""
"071 - Oprávky ke zřizovacím výdajům / Accumulated Depreciation on Start-up Costs / 开办费的累计折旧","07 - Oprávky k dlouhodobému nehmotnému majetku / Depreciation Intangibles / 长期无形资产的累计折旧","071","0","Accumulated Depreciation","Asset","CZK"
"072 - Oprávky k nehmotným výsledkům výzkumu a vývoje / Depreciation R&D Intangibles / 无形研究和开发成果的累计折旧","07 - Oprávky k dlouhodobému nehmotnému majetku / Depreciation Intangibles / 长期无形资产的累计折旧","072","0","Accumulated Depreciation","Asset","CZK"
"073 - Oprávky k softwaru / Accumulated Depreciation on Software / 软件的累计折旧","07 - Oprávky k dlouhodobému nehmotnému majetku / Depreciation Intangibles / 长期无形资产的累计折旧","073","0","Accumulated Depreciation","Asset","CZK"
"074 - Oprávky k ostatním ocenitelným právům / Depreciation Valuable Rights / 其他可估价权利的累计折旧","07 - Oprávky k dlouhodobému nehmotnému majetku / Depreciation Intangibles / 长期无形资产的累计折旧","074","0","Accumulated Depreciation","Asset","CZK"
"075 - Oprávky ke goodwillu / Accumulated Depreciation on Goodwill / 商誉的累计折旧","07 - Oprávky k dlouhodobému nehmotnému majetku / Depreciation Intangibles / 长期无形资产的累计折旧","075","0","Accumulated Depreciation","Asset","CZK"
"079 - Oprávky k ostatnímu dlouhodobému nehmotnému majetku / Depreciation Other Intangibles","07 - Oprávky k dlouhodobému nehmotnému majetku / Depreciation Intangibles / 长期无形资产的累计折旧","079","0","Accumulated Depreciation","Asset","CZK"
"08 - Oprávky k dlouhodobému hmotnému majetku / Depreciation Tangibles / 长期有形资产的累计折旧","0 - Dlouhodobý majetek / Long-term Assets / 长期资产","08","1","","Asset",""
"081 - Oprávky ke stavbám / Accumulated Depreciation on Construction / 建筑物累计折旧","08 - Oprávky k dlouhodobému hmotnému majetku / Depreciation Tangibles / 长期有形资产的累计折旧","081","0","Accumulated Depreciation","Asset","CZK"
"082 - Oprávky k hmotným movitým věcem a jejich souborům / AccDepTangMovProp / 有形动产及其组合的累计折旧","08 - Oprávky k dlouhodobému hmotnému majetku / Depreciation Tangibles / 长期有形资产的累计折旧","082","0","Accumulated Depreciation","Asset","CZK"
"085 - Oprávky k pěstitelským celkům trvalých porostů / AccDepPlantUnits / 长期种植群的累计折旧","08 - Oprávky k dlouhodobému hmotnému majetku / Depreciation Tangibles / 长期有形资产的累计折旧","085","0","Accumulated Depreciation","Asset","CZK"
"086 - Oprávky k dospělým zvířatům a jejich skupinám / AccDepAdultAnim / 成年动物及其群体的累计折旧","08 - Oprávky k dlouhodobému hmotnému majetku / Depreciation Tangibles / 长期有形资产的累计折旧","086","0","Accumulated Depreciation","Asset","CZK"
"089 - Oprávky k ostatnímu dlouhodobému hmotnému majetku / AccDepOtherLTAssets / 其他长期有形资产的累计折旧","08 - Oprávky k dlouhodobému hmotnému majetku / Depreciation Tangibles / 长期有形资产的累计折旧","089","0","Accumulated Depreciation","Asset","CZK"
"09 - Opravné položky k dlouhodobému majetku / Provisions for Impairment of Long-term Assets / 长期资产减值","0 - Dlouhodobý majetek / Long-term Assets / 长期资产","09","1","","Asset",""
"091 - Opravná položka k dlouhodobému nehmotnému majetku / ProvImpLTIntang / 长期无形资产减值准备","09 - Opravné položky k dlouhodobému majetku / Provisions for Impairment of Long-term Assets / 长期资产减值","091","0","","Asset","CZK"
"092 - Opravná položka k dlouhodobému hmotnému majetku / ProvImpLTTang / 长期有形资产减值准备","09 - Opravné položky k dlouhodobému majetku / Provisions for Impairment of Long-term Assets / 长期资产减值","092","0","","Asset","CZK"
"093 - Opravná položka k dlouhodobému nedokončenému nehmotnému majetku","09 - Opravné položky k dlouhodobému majetku / Provisions for Impairment of Long-term Assets / 长期资产减值","093","0","","Asset","CZK"
"094 - Opravná položka k dlouhodobému nedokončenému hmotnému majetku","09 - Opravné položky k dlouhodobému majetku / Provisions for Impairment of Long-term Assets / 长期资产减值","094","0","","Asset","CZK"
"095 - Opravná položka k poskytnutým zálohám na dlouhodobý majetek / Prov Long-term Advances","09 - Opravné položky k dlouhodobému majetku / Provisions for Impairment of Long-term Assets / 长期资产减值","095","0","","Asset","CZK"
"096 - Opravná položka k dlouhodobému finančnímu majetku / Prov Long-term Fin Assets / 长期金融资产的减值准备","09 - Opravné položky k dlouhodobému majetku / Provisions for Impairment of Long-term Assets / 长期资产减值","096","0","","Asset","CZK"
"097 - Oceňovací rozdíl k nabytému majetku / Valuation Difference on Acquired Assets / 收购资产的评估差异","09 - Opravné položky k dlouhodobému majetku / Provisions for Impairment of Long-term Assets / 长期资产减值","097","0","","Asset","CZK"
"098 - Oprávky k oceňovacímu rozdílu k nabytému majetku / Acc Dep Val Diff Acq Assets / 收购资产评估差异的累计折旧","09 - Opravné položky k dlouhodobému majetku / Provisions for Impairment of Long-term Assets / 长期资产减值","098","0","","Asset","CZK"
"1 - Zásoby / Inventories / 存货","Assets - Aktiva","1","1","","Asset",""
"11 - Materiál / Materials / 材料","1 - Zásoby / Inventories / 存货","11","1","","Asset",""
"111 - Pořízení materiálu / Material Acquisitions / 材料采购","11 - Materiál / Materials / 材料","111","0","","Asset","CZK"
"112 - Materiál na skladě / Material in Stock / 库存材料","11 - Materiál / Materials / 材料","112","0","Stock","Asset","CZK"
"119 - Materiál na cestě / Material in Transit / 在途材料","11 - Materiál / Materials / 材料","119","0","","Asset","CZK"
"12 - Zásoby vlastní činnosti / Inventories of Own Activities / 自用库存","1 - Zásoby / Inventories / 存货","12","1","","Asset",""
"121 - Nedokončená výroba / Work in Progress / 在产品","12 - Zásoby vlastní činnosti / Inventories of Own Activities / 自用库存","121","0","","Asset","CZK"
"122 - Polotovary vlastní výroby / Semi-finished Goods (Own Production} / 自制半成品","12 - Zásoby vlastní činnosti / Inventories of Own Activities / 自用库存","122","0","","Asset","CZK"
"123 - Výrobky / Inventory - Finished Goods / 库存 - 成品","12 - Zásoby vlastní činnosti / Inventories of Own Activities / 自用库存","123","0","","Asset","CZK"
"124 - Mladá a ostatní zvířata a jejich skupiny / Young and Other Animals and Their Groups / 幼畜及其它动物","12 - Zásoby vlastní činnosti / Inventories of Own Activities / 自用库存","124","0","","Asset","CZK"
"13 - Zboží / Inventory / 商品","1 - Zásoby / Inventories / 存货","13","1","","Asset",""
"131 - Pořízení zboží / Inventory - Purchased Goods / 库存 - 外购商品","13 - Zboží / Inventory / 商品","131","0","","Asset","CZK"
"132 - Zboží na skladě a v prodejnách / Inventory in Warehouses and Retail Outlets / 库存和销售点的商品","13 - Zboží / Inventory / 商品","132","0","Stock","Asset","CZK"
"139 - Zboží na cestě / Inventory - Goods in Transit / 库存 - 在途商品","13 - Zboží / Inventory / 商品","139","0","","Asset","CZK"
"15 - Poskytnuté zálohy na zásoby / Advances to Suppliers for Supplies / 预付的存货款项","1 - Zásoby / Inventories / 存货","15","1","","Asset",""
"151 - Poskytnuté zálohy na materiál / Advances to Suppliers for Materials / 预付的材料款项","15 - Poskytnuté zálohy na zásoby / Advances to Suppliers for Supplies / 预付的存货款项","151","0","","Asset","CZK"
"152 - Poskytnuté zálohy na zboží / Advances to Suppliers for Inventory / 预付的商品款项","15 - Poskytnuté zálohy na zásoby / Advances to Suppliers for Supplies / 预付的存货款项","152","0","","Asset","CZK"
"153 - Poskytnuté zálohy na zvířata / Advances to Suppliers for Animals / 预付的动物款项","15 - Poskytnuté zálohy na zásoby / Advances to Suppliers for Supplies / 预付的存货款项","153","0","","Asset","CZK"
"19 - Opravné položky k zásobám / Provisions for Impairment of Supplies / 存货减值准备","1 - Zásoby / Inventories / 存货","19","1","","Asset",""
"191 - Opravná položka k materiálu / Allowance for Material / 材料减值准备","19 - Opravné položky k zásobám / Provisions for Impairment of Supplies / 存货减值准备","191","0","","Asset","CZK"
"192 - Opravná položka k nedokončené výrobě / Allowance for Work in Progress / 在产品减值准备","19 - Opravné položky k zásobám / Provisions for Impairment of Supplies / 存货减值准备","192","0","","Asset","CZK"
"193 - Opravná položka k polotovarům vlastní výroby / Allowance Semi-finished / 自制半成品减值准备","19 - Opravné položky k zásobám / Provisions for Impairment of Supplies / 存货减值准备","193","0","","Asset","CZK"
"194 - Opravná položka k výrobkům / Allowance for Finished Goods / 产成品减值准备","19 - Opravné položky k zásobám / Provisions for Impairment of Supplies / 存货减值准备","194","0","","Asset","CZK"
"195 - Opravná položka k mladým a ostatním zvířatům a jejich skupinám / Allowance Livestock","19 - Opravné položky k zásobám / Provisions for Impairment of Supplies / 存货减值准备","195","0","","Asset","CZK"
"196 - Opravná položka ke zboží / Allowance for Merchandise / 商品减值准备","19 - Opravné položky k zásobám / Provisions for Impairment of Supplies / 存货减值准备","196","0","","Asset","CZK"
"197 - Opravná položka k zálohám na zásoby / Allowance for Prepayments on Inventories / 预付存货款减值准备","19 - Opravné položky k zásobám / Provisions for Impairment of Supplies / 存货减值准备","197","0","","Asset","CZK"
"2 - Krátkodobý finanční majetek a peněžní prostředky / Short-term Fin Assets Cash / 短期金融资产和银行存款","Assets - Aktiva","2","1","","Asset",""
"21 - Peněžní prostředky v pokladně / Cash on Hand / 库存现金","2 - Krátkodobý finanční majetek a peněžní prostředky / Short-term Fin Assets Cash / 短期金融资产和银行存款","21","1","","Asset",""
"211 - Pokladna / Cash on Hand / 库存现金","21 - Peněžní prostředky v pokladně / Cash on Hand / 库存现金","211","0","Cash","Asset","CZK"
"213 - Ceniny / Cash Equivalents (Vouchers/Stamps} / 有价票证","21 - Peněžní prostředky v pokladně / Cash on Hand / 库存现金","213","0","Cash","Asset","CZK"
"22 - Peněžní prostředky na účtech / Bank Accounts / 银行存款","2 - Krátkodobý finanční majetek a peněžní prostředky / Short-term Fin Assets Cash / 短期金融资产和银行存款","22","1","","Asset",""
"221 - Peněžní prostředky na účtech / Bank Accounts / 银行存款","22 - Peněžní prostředky na účtech / Bank Accounts / 银行存款","221","0","Bank","Asset","CZK"
"23 - Krátkodobé úvěry / Short-term Loans / 短期借款","2 - Krátkodobý finanční majetek a peněžní prostředky / Short-term Fin Assets Cash / 短期金融资产和银行存款","23","1","","Asset",""
"231 - Krátkodobé úvěry / Short-term Loans / 短期借款","23 - Krátkodobé úvěry / Short-term Loans / 短期借款","231","0","","Liability","CZK"
"232 - Eskontní úvěry / Discounted Loans / 贴现贷款","23 - Krátkodobé úvěry / Short-term Loans / 短期借款","232","0","","Liability","CZK"
"24 - Krátkodobé finanční výpomoci / Short-term Financial Assistance / 短期财务援助","2 - Krátkodobý finanční majetek a peněžní prostředky / Short-term Fin Assets Cash / 短期金融资产和银行存款","24","1","","Asset",""
"241 - Emitované krátkodobé dluhopisy / Issued Short-term Bonds / 发行的短期债券","24 - Krátkodobé finanční výpomoci / Short-term Financial Assistance / 短期财务援助","241","0","","Liability","CZK"
"249 - Ostatní krátkodobé finanční výpomoci / Other Short-term Financial Assistance / 其他短期财务援助","24 - Krátkodobé finanční výpomoci / Short-term Financial Assistance / 短期财务援助","249","0","","Liability","CZK"
"25 - Krátkodobý finanční majetek / Short-term Financial Assets / 短期金融资产","2 - Krátkodobý finanční majetek a peněžní prostředky / Short-term Fin Assets Cash / 短期金融资产和银行存款","25","1","","Asset",""
"251 - Majetkové cenné papíry k obchodování / Trading Financial Assets / 交易性金融资产","25 - Krátkodobý finanční majetek / Short-term Financial Assets / 短期金融资产","251","0","","Asset","CZK"
"252 - Vlastní podíly / Own Shares / 自有份额","25 - Krátkodobý finanční majetek / Short-term Financial Assets / 短期金融资产","252","0","","Asset","CZK"
"253 - Registrované dluhové cenné papíry k obchodování / Trading Debt Securities / 交易用注册债务证券","25 - Krátkodobý finanční majetek / Short-term Financial Assets / 短期金融资产","253","0","","Asset","CZK"
"254 - Směnky k inkasu / Bills Receivable / 应收票据","25 - Krátkodobý finanční majetek / Short-term Financial Assets / 短期金融资产","254","0","","Asset","CZK"
"255 - Vlastní dluhopisy / Own Debt Securities / 自身债务证券","25 - Krátkodobý finanční majetek / Short-term Financial Assets / 短期金融资产","255","0","","Liability","CZK"
"256 - Dluhové cenné papíry se splatností do 1 roku držené do splatnosti / DebtSec1Yr / 1年内到期债务证券","25 - Krátkodobý finanční majetek / Short-term Financial Assets / 短期金融资产","256","0","","Asset","CZK"
"257 - Ostatní cenné papíry k obchodování / Other Trading Securities / 交易用其他证券","25 - Krátkodobý finanční majetek / Short-term Financial Assets / 短期金融资产","257","0","","Asset","CZK"
"258 - Podíly – ovládaná nebo ovládající osoba / Eq Inv Ctrl / 股份 – 受控制或控制方","25 - Krátkodobý finanční majetek / Short-term Financial Assets / 短期金融资产","258","0","","Asset","CZK"
"259 - Pořizování krátkodobého finančního majetku / AcqShortFin / 短期金融资产的购置","25 - Krátkodobý finanční majetek / Short-term Financial Assets / 短期金融资产","259","0","","Asset","CZK"
"26 - Převody mezi finančními účty / Transfers Between Financial Accounts / 金融账户之间的转换","2 - Krátkodobý finanční majetek a peněžní prostředky / Short-term Fin Assets Cash / 短期金融资产和银行存款","26","1","","Asset",""
"261 - Peníze na cestě / Cash in Transit / 在途资金","26 - Převody mezi finančními účty / Transfers Between Financial Accounts / 金融账户之间的转换","261","0","","Asset","CZK"
"29 - Opravné položky ke krátkodobému finančnímu majetku / ProvShortFin / 短期金融资产的减值准备","2 - Krátkodobý finanční majetek a peněžní prostředky / Short-term Fin Assets Cash / 短期金融资产和银行存款","29","1","","Asset",""
"291 - Opravná položka ke krátkodobému finančnímu majetku / ProvShortFin / 短期金融资产的减值准备","29 - Opravné položky ke krátkodobému finančnímu majetku / ProvShortFin / 短期金融资产的减值准备","291","0","","Asset","CZK"
"3 - Zúčtovací vztahy / Settlement Relationships / 结算关系","Liabilities - Závazky","3","1","","Liability",""
"31 - Pohledávky (krátkodobé i dlouhodobé) / Receivables (short-term and long-term) / 应收账款（短期和长期）","3 - Zúčtovací vztahy / Settlement Relationships / 结算关系","31","1","","Liability",""
"311 - Odběratelé / Accounts Receivable - Customers / 应收账款 - 客户","31 - Pohledávky (krátkodobé i dlouhodobé) / Receivables (short-term and long-term) / 应收账款（短期和长期）","311","0","Receivable","Asset","CZK"
"313 - Pohledávky za eskontované cenné papíry / Claims from Discounted Securities / 贴现有价证券应收款项","31 - Pohledávky (krátkodobé i dlouhodobé) / Receivables (short-term and long-term) / 应收账款（短期和长期）","313","0","Receivable","Asset","CZK"
"314 - Poskytnuté provozní zálohy / Advances to suppliers / 提供的营运预付款","31 - Pohledávky (krátkodobé i dlouhodobé) / Receivables (short-term and long-term) / 应收账款（短期和长期）","314","0","Receivable","Asset","CZK"
"315 - Ostatní pohledávky / Other receivables / 其他应收账款","31 - Pohledávky (krátkodobé i dlouhodobé) / Receivables (short-term and long-term) / 应收账款（短期和长期）","315","0","Receivable","Asset","CZK"
"32 - Závazky (krátkodobé) / Liabilities (short-term) / 负债（短期）","3 - Zúčtovací vztahy / Settlement Relationships / 结算关系","32","1","","Liability",""
"321 - Dodavatelé / Suppliers / 供应商","32 - Závazky (krátkodobé) / Liabilities (short-term) / 负债（短期）","321","0","Payable","Liability","CZK"
"322 - Směnky k úhradě / Bills Payable / 应付票据","32 - Závazky (krátkodobé) / Liabilities (short-term) / 负债（短期）","322","0","Payable","Liability","CZK"
"324 - Přijaté provozní zálohy / Advances from customers / 收到的营运预收款","32 - Závazky (krátkodobé) / Liabilities (short-term) / 负债（短期）","324","0","Payable","Liability","CZK"
"325 - Ostatní závazky / Other liabilities / 其他负债","32 - Závazky (krátkodobé) / Liabilities (short-term) / 负债（短期）","325","0","Payable","Liability","CZK"
"33 - Zúčtování se zaměstnanci a institucemi / Settlement with employees and institutions / 与员工和机构的结算","3 - Zúčtovací vztahy / Settlement Relationships / 结算关系","33","1","","Liability",""
"331 - Zaměstnanci / Employees / 雇员","33 - Zúčtování se zaměstnanci a institucemi / Settlement with employees and institutions / 与员工和机构的结算","331","0","","Liability","CZK"
"333 - Ostatní závazky vůči zaměstnancům / Other liabilities to employees / 对员工的其他负债","33 - Zúčtování se zaměstnanci a institucemi / Settlement with employees and institutions / 与员工和机构的结算","333","0","","Liability","CZK"
"335 - Pohledávky za zaměstnanci / Receivables from Employees / 来自员工的应收款项","33 - Zúčtování se zaměstnanci a institucemi / Settlement with employees and institutions / 与员工和机构的结算","335","0","","Asset","CZK"
"336 - Zúčtování s institucemi sociálního zabezpečení a zdravotního pojištění / SS & HI Settlement","33 - Zúčtování se zaměstnanci a institucemi / Settlement with employees and institutions / 与员工和机构的结算","336","0","","Liability","CZK"
"34 - Zúčtování daní a dotací / Settlement of Taxes and Subsidies / 税收和补贴的结算","3 - Zúčtovací vztahy / Settlement Relationships / 结算关系","34","1","","Liability",""
"341 - Daň z příjmů / Income Tax / 所得税","34 - Zúčtování daní a dotací / Settlement of Taxes and Subsidies / 税收和补贴的结算","341","0","Tax","Liability","CZK"
"342 - Ostatní přímé daně / Other Direct Taxes / 其他直接税","34 - Zúčtování daní a dotací / Settlement of Taxes and Subsidies / 税收和补贴的结算","342","0","Tax","Liability","CZK"
"343 - Daň z přidané hodnoty / Value Added Tax / 增值税","34 - Zúčtování daní a dotací / Settlement of Taxes and Subsidies / 税收和补贴的结算","343","0","Tax","Liability","CZK"
"345 - Ostatní daně a poplatky / Other Taxes and Fees / 其他税和费用","34 - Zúčtování daní a dotací / Settlement of Taxes and Subsidies / 税收和补贴的结算","345","0","Tax","Liability","CZK"
"346 - Dotace ze státního rozpočtu / Grants from the State Budget / 国家预算补贴","34 - Zúčtování daní a dotací / Settlement of Taxes and Subsidies / 税收和补贴的结算","346","0","","Asset","CZK"
"347 - Ostatní dotace / Other Grants / 其他补贴","34 - Zúčtování daní a dotací / Settlement of Taxes and Subsidies / 税收和补贴的结算","347","0","","Asset","CZK"
"35 - Pohledávky za společníky / Receivables from Shareholders / 股东应收账款","3 - Zúčtovací vztahy / Settlement Relationships / 结算关系","35","1","","Liability",""
"351 - Pohledávky – ovládaná nebo ovládající osoba / Controlled/Controlling Receivables / 受控方应收款","35 - Pohledávky za společníky / Receivables from Shareholders / 股东应收账款","351","0","","Asset","CZK"
"352 - Pohledávky – podstatný vliv / Receivables – Significant Influence / 具有重大影响的应收账款","35 - Pohledávky za společníky / Receivables from Shareholders / 股东应收账款","352","0","","Asset","CZK"
"353 - Pohledávky za upsaný základní kapitál / Receivables for Subscribed Share Capital / 认购股本的应收账款","35 - Pohledávky za společníky / Receivables from Shareholders / 股东应收账款","353","0","","Asset","CZK"
"354 - Pohledávky za společníky při úhradě ztráty / Receivables-PartLoss / 合伙人赔偿损失的应收账款","35 - Pohledávky za společníky / Receivables from Shareholders / 股东应收账款","354","0","","Asset","CZK"
"355 - Ostatní pohledávky za společníky obchodní korporace / OtherReceivables-PartCorp / 其他合伙人应收款","35 - Pohledávky za společníky / Receivables from Shareholders / 股东应收账款","355","0","","Asset","CZK"
"358 - Pohledávky za společníky sdruženými ve společnosti / Receivables-PartAssoc / 公司联合合伙人的应收账款","35 - Pohledávky za společníky / Receivables from Shareholders / 股东应收账款","358","0","","Asset","CZK"
"36 - Závazky ke společníkům / Liabilities to Partners / 对合伙人的负债","3 - Zúčtovací vztahy / Settlement Relationships / 结算关系","36","1","","Liability",""
"361 - Závazky – ovládaná nebo ovládající osoba / Liab-ConCtrlPerson / 受控制或控制人的负债","36 - Závazky ke společníkům / Liabilities to Partners / 对合伙人的负债","361","0","","Liability","CZK"
"362 - Závazky – podstatný vliv / Liabilities – Significant Influence / 具有重大影响的负债","36 - Závazky ke společníkům / Liabilities to Partners / 对合伙人的负债","362","0","","Liability","CZK"
"364 - Závazky ke společníkům při rozdělování zisku / Liab. to Partners for Profit / 向合伙人分配利润的负债","36 - Závazky ke společníkům / Liabilities to Partners / 对合伙人的负债","364","0","","Liability","CZK"
"365 - Ostatní závazky ke společníkům obchodní korporace / Other Liab. to Shareholders / 商业公司合伙人的其他负债","36 - Závazky ke společníkům / Liabilities to Partners / 对合伙人的负债","365","0","","Liability","CZK"
"366 - Závazky ke společníkům obchodní korporace ze závislé činnosti","36 - Závazky ke společníkům / Liabilities to Partners / 对合伙人的负债","366","0","","Liability","CZK"
"367 - Závazky z upsaných nesplacených cenných papírů a vkladů / Liab. from Issued Unpaid Sec. & Dep.","36 - Závazky ke společníkům / Liabilities to Partners / 对合伙人的负债","367","0","","Liability","CZK"
"368 - Závazky ke společníkům sdruženým ve společnosti / Liab. to Assoc. Partners / 公司联合合伙人的负债","36 - Závazky ke společníkům / Liabilities to Partners / 对合伙人的负债","368","0","","Liability","CZK"
"37 - Jiné pohledávky a závazky / Other Receivables and Liabilities / 其他应收账款和负债","3 - Zúčtovací vztahy / Settlement Relationships / 结算关系","37","1","","Liability",""
"371 - Pohledávky z prodeje podniku / Receivables from Business Sale / 出售企业产生的应收账款","37 - Jiné pohledávky a závazky / Other Receivables and Liabilities / 其他应收账款和负债","371","0","","Asset","CZK"
"372 - Závazky z koupě podniku / Liabilities from Business Purchase / 购买企业产生的负债","37 - Jiné pohledávky a závazky / Other Receivables and Liabilities / 其他应收账款和负债","372","0","","Liability","CZK"
"373 - Pohledávky a závazky z pevných termínových operací / Fixed Term Ops Rec & Liab / 固定期限应收应付","37 - Jiné pohledávky a závazky / Other Receivables and Liabilities / 其他应收账款和负债","373","0","","Asset","CZK"
"374 - Pohledávky z nájmu a pachtu / Receivables from Leases and Rents / 租赁和特许权的应收账款","37 - Jiné pohledávky a závazky / Other Receivables and Liabilities / 其他应收账款和负债","374","0","","Asset","CZK"
"375 - Pohledávky z vydaných dluhopisů / Claims from Issued Bonds / 发行债券应收款项","37 - Jiné pohledávky a závazky / Other Receivables and Liabilities / 其他应收账款和负债","375","0","","Asset","CZK"
"376 - Nakoupené opce / Purchased Options / 购入期权","37 - Jiné pohledávky a závazky / Other Receivables and Liabilities / 其他应收账款和负债","376","0","","Asset","CZK"
"377 - Prodané opce / Sold Options / 售出期权","37 - Jiné pohledávky a závazky / Other Receivables and Liabilities / 其他应收账款和负债","377","0","","Liability","CZK"
"378 - Jiné pohledávky / Other Receivables / 其他应收账款","37 - Jiné pohledávky a závazky / Other Receivables and Liabilities / 其他应收账款和负债","378","0","","Asset","CZK"
"379 - Jiné závazky / Other Liabilities / 其他负债","37 - Jiné pohledávky a závazky / Other Receivables and Liabilities / 其他应收账款和负债","379","0","","Liability","CZK"
"38 - Přechodné účty aktiv a pasiv / Transitional Accounts for Assets and Liabilities / 过渡性资产和负债账户","3 - Zúčtovací vztahy / Settlement Relationships / 结算关系","38","1","","Liability",""
"381 - Náklady příštích období / Prepaid Expenses / 预付费用","38 - Přechodné účty aktiv a pasiv / Transitional Accounts for Assets and Liabilities / 过渡性资产和负债账户","381","0","","Asset","CZK"
"382 - Komplexní náklady příštích období / Deferred Charges / 未来期间的综合成本","38 - Přechodné účty aktiv a pasiv / Transitional Accounts for Assets and Liabilities / 过渡性资产和负债账户","382","0","","Asset","CZK"
"383 - Výdaje příštích období / Expenditures for Future Periods / 未来期间支出","38 - Přechodné účty aktiv a pasiv / Transitional Accounts for Assets and Liabilities / 过渡性资产和负债账户","383","0","","Liability","CZK"
"384 - Výnosy příštích období / Revenues for Future Periods / 未来期间收入","38 - Přechodné účty aktiv a pasiv / Transitional Accounts for Assets and Liabilities / 过渡性资产和负债账户","384","0","","Liability","CZK"
"385 - Příjmy příštích období / Unearned Revenue / 递延收入","38 - Přechodné účty aktiv a pasiv / Transitional Accounts for Assets and Liabilities / 过渡性资产和负债账户","385","0","","Asset","CZK"
"388 - Dohadné účty aktivní / Contingent Accounts (Active} / 或有账户（主动）","38 - Přechodné účty aktiv a pasiv / Transitional Accounts for Assets and Liabilities / 过渡性资产和负债账户","388","0","","Asset","CZK"
"389 - Dohadné účty pasivní / Provisional Accounts (Passive Side of the Balance Sheet} / 预计负债账户","38 - Přechodné účty aktiv a pasiv / Transitional Accounts for Assets and Liabilities / 过渡性资产和负债账户","389","0","Stock Received But Not Billed","Liability","CZK"
"39 - Opravná položka k zúčtovacím vztahům a vnitřní zúčtování / Allowance for Settlements / 结算调整","3 - Zúčtovací vztahy / Settlement Relationships / 结算关系","39","1","","Liability",""
"391 - Opravná položka k pohledávkám / Allowance for Receivables / 应收账款的调整项目","39 - Opravná položka k zúčtovacím vztahům a vnitřní zúčtování / Allowance for Settlements / 结算调整","391","0","","Asset","CZK"
"395 - Vnitřní zúčtování / Internal Settlements / 内部结算","39 - Opravná položka k zúčtovacím vztahům a vnitřní zúčtování / Allowance for Settlements / 结算调整","395","0","","Asset","CZK"
"398 - Spojovací účet při společnosti / Intercompany Connecting Account / 公司间连接账户","39 - Opravná položka k zúčtovacím vztahům a vnitřní zúčtování / Allowance for Settlements / 结算调整","398","0","","Asset","CZK"
"4 - Kapitálové účty a dlouhodobé závazky / Capital Accounts and Long-term Liabilities / 资本账户和长期负债","Equity - Vlastní kapitál","4","1","","Equity",""
"41 - Základní kapitál a kapitálové fondy / Share Capital and Capital Reserves / 注册资本和资本基金","4 - Kapitálové účty a dlouhodobé závazky / Capital Accounts and Long-term Liabilities / 资本账户和长期负债","41","1","","Equity",""
"411 - Základní kapitál / Share Capital / 注册资本","41 - Základní kapitál a kapitálové fondy / Share Capital and Capital Reserves / 注册资本和资本基金","411","0","Equity","Equity","CZK"
"412 - Ážio / Premium / 溢价","41 - Základní kapitál a kapitálové fondy / Share Capital and Capital Reserves / 注册资本和资本基金","412","0","Equity","Equity","CZK"
"413 - Ostatní kapitálové fondy / Other Capital Funds / 其他资本基金","41 - Základní kapitál a kapitálové fondy / Share Capital and Capital Reserves / 注册资本和资本基金","413","0","Equity","Equity","CZK"
"414 - Oceňovací rozdíly z přecenění majetku a závazků / RevalDiff / 资产和负债重估差异","41 - Základní kapitál a kapitálové fondy / Share Capital and Capital Reserves / 注册资本和资本基金","414","0","","Equity","CZK"
"416 - Rozdíly z ocenění při přeměnách obchodních korporací / BusTransDiff / 企业转换时的评估差异","41 - Základní kapitál a kapitálové fondy / Share Capital and Capital Reserves / 注册资本和资本基金","416","0","","Equity","CZK"
"417 - Rozdíly z přeměn obchodních korporací / Differences from Business Transformations / 企业转换差异","41 - Základní kapitál a kapitálové fondy / Share Capital and Capital Reserves / 注册资本和资本基金","417","0","","Equity","CZK"
"418 - Oceňovací rozdíly z přecenění při přeměnách obchodních korporací / RevalBusTrans / 企业转换时的重估差异","41 - Základní kapitál a kapitálové fondy / Share Capital and Capital Reserves / 注册资本和资本基金","418","0","","Equity","CZK"
"419 - Změny základního kapitálu / Changes in Share Capital / 注册资本变动","41 - Základní kapitál a kapitálové fondy / Share Capital and Capital Reserves / 注册资本和资本基金","419","0","","Equity","CZK"
"42 - Fondy ze zisku a převedené výsledky hospodaření / ProfFndsTrns / 利润基金和转移的经营成果","4 - Kapitálové účty a dlouhodobé závazky / Capital Accounts and Long-term Liabilities / 资本账户和长期负债","42","1","","Equity",""
"421 - Ostatní rezervní fondy / Other Reserve Funds / 其他准备金基金","42 - Fondy ze zisku a převedené výsledky hospodaření / ProfFndsTrns / 利润基金和转移的经营成果","421","0","","Equity","CZK"
"422 - Nedělitelný fond / Indivisible Fund / 不可分割基金","42 - Fondy ze zisku a převedené výsledky hospodaření / ProfFndsTrns / 利润基金和转移的经营成果","422","0","","Equity","CZK"
"423 - Statutární fondy / Statutory Funds / 法定基金","42 - Fondy ze zisku a převedené výsledky hospodaření / ProfFndsTrns / 利润基金和转移的经营成果","423","0","","Equity","CZK"
"426 - Jiný výsledek hospodaření minulých let / OtherPrevYrOps / 以前年度其他经营成果","42 - Fondy ze zisku a převedené výsledky hospodaření / ProfFndsTrns / 利润基金和转移的经营成果","426","0","","Equity","CZK"
"427 - Ostatní fondy / Other Funds / 其他基金","42 - Fondy ze zisku a převedené výsledky hospodaření / ProfFndsTrns / 利润基金和转移的经营成果","427","0","","Equity","CZK"
"428 - Nerozdělený zisk minulých let / Undistributed Profit of Previous Years / 以前年度未分配利润","42 - Fondy ze zisku a převedené výsledky hospodaření / ProfFndsTrns / 利润基金和转移的经营成果","428","0","","Equity","CZK"
"429 - Neuhrazená ztráta minulých let / Uncompensated Loss of Previous Years / 以前年度未弥补亏损","42 - Fondy ze zisku a převedené výsledky hospodaření / ProfFndsTrns / 利润基金和转移的经营成果","429","0","","Equity","CZK"
"43 - Výsledek hospodaření / Operating Result / 经营成果","4 - Kapitálové účty a dlouhodobé závazky / Capital Accounts and Long-term Liabilities / 资本账户和长期负债","43","1","","Equity",""
"431 - Výsledek hospodaření ve schvalovacím řízení / Approval Proc. Op. Result / 审批过程中的经营成果","43 - Výsledek hospodaření / Operating Result / 经营成果","431","0","","Equity","CZK"
"432 - Rozhodnuto o zálohové výplatě podílu na zisku / DecidedAdvPayProfit / 决定预付利润分配","43 - Výsledek hospodaření / Operating Result / 经营成果","432","0","","Equity","CZK"
"45 - Rezervy / Provisions / 预计负债","4 - Kapitálové účty a dlouhodobé závazky / Capital Accounts and Long-term Liabilities / 资本账户和长期负债","45","1","","Liability",""
"451 - Rezervy podle zvláštních právních předpisů / ProvisionsSpecReg / 根据特殊法律规定设立的准备金","45 - Rezervy / Provisions / 预计负债","451","0","","Liability","CZK"
"453 - Rezerva na daň z příjmů / Provision for Income Tax / 所得税准备金","45 - Rezervy / Provisions / 预计负债","453","0","","Liability","CZK"
"459 - Ostatní rezervy / Other Provisions / 其他准备金","45 - Rezervy / Provisions / 预计负债","459","0","","Liability","CZK"
"46 - Dlouhodobé závazky k úvěrovým institucím / LTLiabCrInst / 对信贷机构的长期负债","4 - Kapitálové účty a dlouhodobé závazky / Capital Accounts and Long-term Liabilities / 资本账户和长期负债","46","1","","Liability",""
"461 - Závazky k úvěrovým institucím / Liabilities to Credit Institutions / 对信贷机构的负债","46 - Dlouhodobé závazky k úvěrovým institucím / LTLiabCrInst / 对信贷机构的长期负债","461","0","","Liability","CZK"
"47 - Dlouhodobé závazky / Long-term Liabilities / 长期负债","4 - Kapitálové účty a dlouhodobé závazky / Capital Accounts and Long-term Liabilities / 资本账户和长期负债","47","1","","Liability",""
"471 - Dlouhodobé závazky – ovládaná nebo ovládající osoba / LTLiabRelPart / 对受控制或控制方的长期负债","47 - Dlouhodobé závazky / Long-term Liabilities / 长期负债","471","0","","Liability","CZK"
"472 - Dlouhodobé závazky – podstatný vliv / LTLiabSigInf / 对有重大影响方的长期负债","47 - Dlouhodobé závazky / Long-term Liabilities / 长期负债","472","0","","Liability","CZK"
"473 - Vydané dluhopisy / Issued Bonds / 发行的债券","47 - Dlouhodobé závazky / Long-term Liabilities / 长期负债","473","0","","Liability","CZK"
"474 - Závazky z nájmu a pachtu / Lease and Rental Liabilities / 租赁和特许权的负债","47 - Dlouhodobé závazky / Long-term Liabilities / 长期负债","474","0","","Liability","CZK"
"475 - Dlouhodobé přijaté zálohy / Long-term Received Advances / 长期预收款","47 - Dlouhodobé závazky / Long-term Liabilities / 长期负债","475","0","","Liability","CZK"
"478 - Dlouhodobé směnky k úhradě / Long-term Bills Payable / 长期应付票据","47 - Dlouhodobé závazky / Long-term Liabilities / 长期负债","478","0","","Liability","CZK"
"479 - Jiné dlouhodobé závazky / Other Long-term Liabilities / 其他长期负债","47 - Dlouhodobé závazky / Long-term Liabilities / 长期负债","479","0","","Liability","CZK"
"48 - Odložený daňový závazek a pohledávka / Deferred Tax Liability and Receivable / 递延税项负债和应收账款","4 - Kapitálové účty a dlouhodobé závazky / Capital Accounts and Long-term Liabilities / 资本账户和长期负债","48","1","","Liability",""
"481 - Odložený daňový závazek a pohledávka / Deferred Tax Liability and Receivable / 递延税项负债和应收账款","48 - Odložený daňový závazek a pohledávka / Deferred Tax Liability and Receivable / 递延税项负债和应收账款","481","0","","Liability","CZK"
"49 - Individuální podnikatel / Sole Proprietor / 个体经营者","4 - Kapitálové účty a dlouhodobé závazky / Capital Accounts and Long-term Liabilities / 资本账户和长期负债","49","1","","Equity",""
"491 - Účet individuálního podnikatele / Sole Proprietor's Account / 个体经营者账户","49 - Individuální podnikatel / Sole Proprietor / 个体经营者","491","0","","Equity","CZK"
"5 - Náklady / Expenses / 费用","Expenses - Náklady","5","1","","Expense",""
"50 - Spotřebované nákupy / Purchases Consumed / 消耗的采购","5 - Náklady / Expenses / 费用","50","1","","Expense",""
"501 - Spotřeba materiálu / Material Consumption / 材料消耗","50 - Spotřebované nákupy / Purchases Consumed / 消耗的采购","501","0","Expense Account","Expense","CZK"
"502 - Spotřeba energie / Energy Consumption / 能源消耗","50 - Spotřebované nákupy / Purchases Consumed / 消耗的采购","502","0","Expense Account","Expense","CZK"
"503 - Spotřeba ostatních neskladovatelných dodávek / Other Non-Stock Cons / 其他非库存供应品的消耗","50 - Spotřebované nákupy / Purchases Consumed / 消耗的采购","503","0","Expense Account","Expense","CZK"
"504 - Prodané zboží / Cost of Goods Sold / 已售商品成本","50 - Spotřebované nákupy / Purchases Consumed / 消耗的采购","504","0","Cost of Goods Sold","Expense","CZK"
"51 - Služby / Services / 服务","5 - Náklady / Expenses / 费用","51","1","","Expense",""
"511 - Opravy a udržování / Repairs and Maintenance / 修理和维护","51 - Služby / Services / 服务","511","0","Expense Account","Expense","CZK"
"512 - Cestovné / Travel Expenses / 差旅费","51 - Služby / Services / 服务","512","0","Expense Account","Expense","CZK"
"513 - Náklady na reprezentaci / Representation Expenses / 代表费用","51 - Služby / Services / 服务","513","0","Expense Account","Expense","CZK"
"518 - Ostatní služby / Other Services / 其他服务","51 - Služby / Services / 服务","518","0","Expenses Included In Valuation","Expense","CZK"
"52 - Osobní náklady / Personal Expenses / 个人费用","5 - Náklady / Expenses / 费用","52","1","","Expense",""
"521 - Mzdové náklady / Wages and Salaries / 工资和薪金","52 - Osobní náklady / Personal Expenses / 个人费用","521","0","Expense Account","Expense","CZK"
"522 - Příjmy společníků obchodní korporace ze závislé činnosti","52 - Osobní náklady / Personal Expenses / 个人费用","522","0","Expense Account","Expense","CZK"
"523 - Odměny členům orgánů obchodních korporací / Remun. to Gov. Bodies / 商业公司机关成员的报酬","52 - Osobní náklady / Personal Expenses / 个人费用","523","0","Expense Account","Expense","CZK"
"524 - Zákonné sociální a zdravotní pojištění / Statutory Social and Health Insurance / 法定社会保险和健康保险","52 - Osobní náklady / Personal Expenses / 个人费用","524","0","Expense Account","Expense","CZK"
"525 - Ostatní sociální a zdravotní pojištění / Other Social and Health Insurance / 其他社会保险和健康保险","52 - Osobní náklady / Personal Expenses / 个人费用","525","0","Expense Account","Expense","CZK"
"526 - Sociální náklady individuálního podnikatele / Social Costs of Individual Entrepreneurs / 个体社费","52 - Osobní náklady / Personal Expenses / 个人费用","526","0","Expense Account","Expense","CZK"
"527 - Zákonné sociální náklady / Statutory Social Costs / 法定社会费用","52 - Osobní náklady / Personal Expenses / 个人费用","527","0","Expense Account","Expense","CZK"
"528 - Ostatní sociální náklady / Other Social Costs / 其他社会费用","52 - Osobní náklady / Personal Expenses / 个人费用","528","0","Expense Account","Expense","CZK"
"53 - Daně a poplatky / Taxes and Fees / 税金和费用","5 - Náklady / Expenses / 费用","53","1","","Expense",""
"531 - Daň silniční / Road Tax / 道路税","53 - Daně a poplatky / Taxes and Fees / 税金和费用","531","0","Expense Account","Expense","CZK"
"532 - Daň z nemovitých věcí / Property Tax / 不动产税","53 - Daně a poplatky / Taxes and Fees / 税金和费用","532","0","Expense Account","Expense","CZK"
"538 - Ostatní daně a poplatky / Other Taxes and Fees / 其他税和费用","53 - Daně a poplatky / Taxes and Fees / 税金和费用","538","0","Expense Account","Expense","CZK"
"54 - Jiné provozní náklady / Other Operating Expenses / 其他经营费用","5 - Náklady / Expenses / 费用","54","1","","Expense",""
"541 - Zůstatková cena prodaného dlouhodobého nehmotného a hmotného majetku","54 - Jiné provozní náklady / Other Operating Expenses / 其他经营费用","541","0","Expense Account","Expense","CZK"
"542 - Prodaný materiál / Sales of Materials / 销售材料","54 - Jiné provozní náklady / Other Operating Expenses / 其他经营费用","542","0","Expense Account","Expense","CZK"
"543 - Poskytnuté dary v provozní oblasti / Donations Provided in Operating Area / 经营领域提供的捐赠","54 - Jiné provozní náklady / Other Operating Expenses / 其他经营费用","543","0","Expense Account","Expense","CZK"
"544 - Smluvní pokuty a úroky z prodlení / Contract Penalties and Delay Interest / 合同罚金和迟延利息","54 - Jiné provozní náklady / Other Operating Expenses / 其他经营费用","544","0","Expense Account","Expense","CZK"
"545 - Ostatní pokuty a penále / Other Fines and Penalties / 其他罚款和罚金","54 - Jiné provozní náklady / Other Operating Expenses / 其他经营费用","545","0","Expense Account","Expense","CZK"
"546 - Odpis pohledávky / Write-off of Receivables / 应收账款注销","54 - Jiné provozní náklady / Other Operating Expenses / 其他经营费用","546","0","Expense Account","Expense","CZK"
"547 - Mimořádné provozní náklady / Extraordinary Operating Expenses / 非经常性经营费用","54 - Jiné provozní náklady / Other Operating Expenses / 其他经营费用","547","0","Expense Account","Expense","CZK"
"548 - Ostatní provozní náklady / Other Operating Expenses / 其他经营费用","54 - Jiné provozní náklady / Other Operating Expenses / 其他经营费用","548","0","Expense Account","Expense","CZK"
"549 - Manka a škody v provozní oblasti / Shortages and Damages in Operating Area / 经营领域的短缺和损失","54 - Jiné provozní náklady / Other Operating Expenses / 其他经营费用","549","0","Stock Adjustment","Expense","CZK"
"55 - Odpisy a opravné položky v provozní oblasti / Depreciation & Impairment / 经营区域的折旧和减值准备","5 - Náklady / Expenses / 费用","55","1","","Expense",""
"551 - Odpisy dlouhodobého nehmotného a hmotného majetku / Long-term Asset Depreciation / 长期资产折旧","55 - Odpisy a opravné položky v provozní oblasti / Depreciation & Impairment / 经营区域的折旧和减值准备","551","0","Depreciation","Expense","CZK"
"552 - Tvorba a zúčtování rezerv podle zvláštních právních předpisů / Special Provisions / 特别法律准备金","55 - Odpisy a opravné položky v provozní oblasti / Depreciation & Impairment / 经营区域的折旧和减值准备","552","0","Expense Account","Expense","CZK"
"554 - Tvorba a zúčtování ostatních rezerv / Creation and Accounting for Other Provisions / 其他准备金","55 - Odpisy a opravné položky v provozní oblasti / Depreciation & Impairment / 经营区域的折旧和减值准备","554","0","Expense Account","Expense","CZK"
"555 - Tvorba a zúčtování komplexních nákladů příštích období / Future Period Complex Costs / 未来综合费用","55 - Odpisy a opravné položky v provozní oblasti / Depreciation & Impairment / 经营区域的折旧和减值准备","555","0","Expense Account","Expense","CZK"
"557 - Zúčtování oprávky k oceňovacímu rozdílu k nabytému majetku","55 - Odpisy a opravné položky v provozní oblasti / Depreciation & Impairment / 经营区域的折旧和减值准备","557","0","Expense Account","Expense","CZK"
"558 - Tvorba a zúčtování zákonných opravných položek / Statutory Allowances / 法定减值准备的建立和核算","55 - Odpisy a opravné položky v provozní oblasti / Depreciation & Impairment / 经营区域的折旧和减值准备","558","0","Expense Account","Expense","CZK"
"559 - Tvorba a zúčtování opravných položek / Creation and Settlement of Adjusting Items / 调整项目的形成与结算","55 - Odpisy a opravné položky v provozní oblasti / Depreciation & Impairment / 经营区域的折旧和减值准备","559","0","Expense Account","Expense","CZK"
"56 - Finanční náklady / Financial Expenses / 财务费用","5 - Náklady / Expenses / 费用","56","1","","Expense",""
"561 - Prodané cenné papíry a podíly / Disp. Fin. Inst. & Eq. Int. / 处置金融工具和股权投资","56 - Finanční náklady / Financial Expenses / 财务费用","561","0","Expense Account","Expense","CZK"
"562 - Úroky / Interest Income / 利息收入","56 - Finanční náklady / Financial Expenses / 财务费用","562","0","Expense Account","Expense","CZK"
"563 - Kurzové ztráty / Foreign Exchange Losses / 汇兑损失","56 - Finanční náklady / Financial Expenses / 财务费用","563","0","Exchange Gain/Loss","Expense","CZK"
"564 - Náklady z přecenění majetkových cenných papírů k obchodování","56 - Finanční náklady / Financial Expenses / 财务费用","564","0","Expense Account","Expense","CZK"
"565 - Poskytnuté dary ve finanční oblasti / Financial Donations Provided / 提供的财务领域捐赠","56 - Finanční náklady / Financial Expenses / 财务费用","565","0","Expense Account","Expense","CZK"
"566 - Náklady z finančního majetku / Costs from Financial Assets / 财务资产的费用","56 - Finanční náklady / Financial Expenses / 财务费用","566","0","Expense Account","Expense","CZK"
"567 - Náklady z derivátových operací / Costs from Derivative Operations / 衍生工具操作的费用","56 - Finanční náklady / Financial Expenses / 财务费用","567","0","Expense Account","Expense","CZK"
"568 - Ostatní a mimořádné finanční náklady / Other and Extraordinary Financial Costs / 其他和非经常性财务费用","56 - Finanční náklady / Financial Expenses / 财务费用","568","0","Expense Account","Expense","CZK"
"569 - Manka a škody na finančním majetku / Shortfalls and Losses on Financial Assets / 财务资产的短缺和损失","56 - Finanční náklady / Financial Expenses / 财务费用","569","0","Expense Account","Expense","CZK"
"57 - Rezervy a opravné položky ve finanční oblasti / Fin Provisions Allow / 财务领域的准备金和减值准备","5 - Náklady / Expenses / 费用","57","1","","Expense",""
"574 - Tvorba a zúčtování finančních rezerv / Fin Prov Creation / 财务准备金的建立和结算","57 - Rezervy a opravné položky ve finanční oblasti / Fin Provisions Allow / 财务领域的准备金和减值准备","574","0","Expense Account","Expense","CZK"
"579 - Tvorba a zúčtování opravných položek ve finanční činnosti / Fin Allow Creation / 财务减值准备","57 - Rezervy a opravné položky ve finanční oblasti / Fin Provisions Allow / 财务领域的准备金和减值准备","579","0","Expense Account","Expense","CZK"
"58 - Změna stavu zásob vlastní činnosti a aktivace / Chg Inv Own Use & Cap / 自产存货状态变动及激活","5 - Náklady / Expenses / 费用","58","1","","Expense",""
"581 - Změna stavu nedokončené výroby / Change in Work in Progress / 未完成生产状态变动","58 - Změna stavu zásob vlastní činnosti a aktivace / Chg Inv Own Use & Cap / 自产存货状态变动及激活","581","0","Expense Account","Expense","CZK"
"582 - Změna stavu polotovarů / Change in Semi-finished Goods / 半成品状态变动","58 - Změna stavu zásob vlastní činnosti a aktivace / Chg Inv Own Use & Cap / 自产存货状态变动及激活","582","0","Expense Account","Expense","CZK"
"583 - Změna stavu výrobků / Change in Finished Goods / 产成品状态变动","58 - Změna stavu zásob vlastní činnosti a aktivace / Chg Inv Own Use & Cap / 自产存货状态变动及激活","583","0","Expense Account","Expense","CZK"
"584 - Změna stavu mladých a ostatních zvířat / Change in Young and Other Livestock / 幼畜及其他动物状态变动","58 - Změna stavu zásob vlastní činnosti a aktivace / Chg Inv Own Use & Cap / 自产存货状态变动及激活","584","0","Expense Account","Expense","CZK"
"585 - Aktivace materiálu a zboží / Capitalization of Materials and Merchandise / 材料及商品激活","58 - Změna stavu zásob vlastní činnosti a aktivace / Chg Inv Own Use & Cap / 自产存货状态变动及激活","585","0","Expense Account","Expense","CZK"
"586 - Aktivace vnitropodnikových služeb / Capitalization of Intra-group Services / 内部服务激活","58 - Změna stavu zásob vlastní činnosti a aktivace / Chg Inv Own Use & Cap / 自产存货状态变动及激活","586","0","Expense Account","Expense","CZK"
"587 - Aktivace dlouhodobého nehmotného majetku / Cap Long-term Intang / 长期无形资产激活","58 - Změna stavu zásob vlastní činnosti a aktivace / Chg Inv Own Use & Cap / 自产存货状态变动及激活","587","0","Expense Account","Expense","CZK"
"588 - Aktivace dlouhodobého hmotného majetku / Activation of Long-term Tangible Assets / 长期有形资产的初始确认","58 - Změna stavu zásob vlastní činnosti a aktivace / Chg Inv Own Use & Cap / 自产存货状态变动及激活","588","0","Expense Account","Expense","CZK"
"59 - Daně z příjmů a převodové účty / Income Taxes and Conversion Accounts / 所得税和转换账户","5 - Náklady / Expenses / 费用","59","1","","Expense",""
"591 - Daň z příjmů – splatná / Income Tax Payable / 应付所得税","59 - Daně z příjmů a převodové účty / Income Taxes and Conversion Accounts / 所得税和转换账户","591","0","Expense Account","Expense","CZK"
"592 - Daň z příjmů – odložená / Deferred Income Tax / 递延所得税","59 - Daně z příjmů a převodové účty / Income Taxes and Conversion Accounts / 所得税和转换账户","592","0","Expense Account","Expense","CZK"
"595 - Dodatečné odvody daně z příjmů / Additional Income Tax Deductions / 额外所得税扣除","59 - Daně z příjmů a převodové účty / Income Taxes and Conversion Accounts / 所得税和转换账户","595","0","Expense Account","Expense","CZK"
"596 - Převod podílu na výsledku hospodaření společníkům / Shareholders' Share Conv / 向合伙人分配经营成果","59 - Daně z příjmů a převodové účty / Income Taxes and Conversion Accounts / 所得税和转换账户","596","0","Expense Account","Expense","CZK"
"597 - Převod provozních nákladů / Conversion of Operating Expenses / 经营费用转换","59 - Daně z příjmů a převodové účty / Income Taxes and Conversion Accounts / 所得税和转换账户","597","0","Expense Account","Expense","CZK"
"598 - Převod finančních nákladů / Conversion of Financial Expenses / 财务费用转换","59 - Daně z příjmů a převodové účty / Income Taxes and Conversion Accounts / 所得税和转换账户","598","0","Expense Account","Expense","CZK"
"599 - Změna stavu rezervy na daň z příjmů / Change in Status of Provision for Income Tax / 所得税准备变动","59 - Daně z příjmů a převodové účty / Income Taxes and Conversion Accounts / 所得税和转换账户","599","0","Expense Account","Expense","CZK"
"6 - Výnosy / Revenue / 收入","Income - Výnosy","6","1","","Income",""
"60 - Tržby za vlastní výkony a zboží / Revenue from Own Services and Goods / 提供劳务和销售商品的收入","6 - Výnosy / Revenue / 收入","60","1","","Income",""
"601 - Tržby za vlastní výrobky / Revenue from Own Products / 销售自产产品的收入","60 - Tržby za vlastní výkony a zboží / Revenue from Own Services and Goods / 提供劳务和销售商品的收入","601","0","Income Account","Income","CZK"
"602 - Tržby z prodeje služeb / Revenue from Sale of Services / 销售服务的收入","60 - Tržby za vlastní výkony a zboží / Revenue from Own Services and Goods / 提供劳务和销售商品的收入","602","0","Income Account","Income","CZK"
"604 - Tržby za zboží / Revenue from Goods / 销售商品的收入","60 - Tržby za vlastní výkony a zboží / Revenue from Own Services and Goods / 提供劳务和销售商品的收入","604","0","Income Account","Income","CZK"
"64 - Jiné provozní výnosy / Other Operating Revenue / 其他营业收入","6 - Výnosy / Revenue / 收入","64","1","","Income",""
"641 - Tržby z prodeje dlouhodobého nehmotného a hmotného majetku / Rev L-T Int&Tang Assets","64 - Jiné provozní výnosy / Other Operating Revenue / 其他营业收入","641","0","Income Account","Income","CZK"
"642 - Tržby z prodeje materiálu / Revenue from Sale of Materials / 销售材料的收入","64 - Jiné provozní výnosy / Other Operating Revenue / 其他营业收入","642","0","Income Account","Income","CZK"
"643 - Přijaté dary v provozní oblasti / Donations Received in Operating Activities / 经营区域收到的捐赠","64 - Jiné provozní výnosy / Other Operating Revenue / 其他营业收入","643","0","Income Account","Income","CZK"
"644 - Smluvní pokuty a úroky z prodlení / Contract Penalties and Delay Interest / 合同罚金和迟延利息","64 - Jiné provozní výnosy / Other Operating Revenue / 其他营业收入","644","0","Income Account","Income","CZK"
"645 - Výnosy z postoupených pohledávek / Gains from Assigned Receivables / 转让应收账款的收益","64 - Jiné provozní výnosy / Other Operating Revenue / 其他营业收入","645","0","Income Account","Income","CZK"
"646 - Výnosy z odepsaných pohledávek / Gains from Written-off Receivables / 注销应收账款的收益","64 - Jiné provozní výnosy / Other Operating Revenue / 其他营业收入","646","0","Income Account","Income","CZK"
"647 - Mimořádné provozní výnosy / Extraordinary Operating Income / 非经常性经营收益","64 - Jiné provozní výnosy / Other Operating Revenue / 其他营业收入","647","0","Income Account","Income","CZK"
"648 - Ostatní provozní výnosy / Other Operating Income / 其他经营收益","64 - Jiné provozní výnosy / Other Operating Revenue / 其他营业收入","648","0","Income Account","Income","CZK"
"649 - Odpis záporného goodwillu a zúčtování oprávky k oceňovacímu rozdílu k nabytému majetku","64 - Jiné provozní výnosy / Other Operating Revenue / 其他营业收入","649","0","Income Account","Income","CZK"
"66 - Finanční výnosy / Financial Income / 财务收入","6 - Výnosy / Revenue / 收入","66","1","","Income",""
"661 - Tržby z prodeje cenných papírů a podílů / Sale of Fin Inst & Shares / 出售有价证券和份额的收入","66 - Finanční výnosy / Financial Income / 财务收入","661","0","Income Account","Income","CZK"
"662 - Úroky / Interest Income / 利息收入","66 - Finanční výnosy / Financial Income / 财务收入","662","0","Income Account","Income","CZK"
"663 - Kurzové zisky / Foreign Exchange Gains / 外汇收益","66 - Finanční výnosy / Financial Income / 财务收入","663","0","Income Account","Income","CZK"
"664 - Výnosy z přecenění majetkových cenných papírů k obchodování / Trading Fin Inst Overval Gains","66 - Finanční výnosy / Financial Income / 财务收入","664","0","Income Account","Income","CZK"
"665 - Výnosy z dlouhodobého finančního majetku / Income from Long-term Financial Assets / 长期金融资产收益","66 - Finanční výnosy / Financial Income / 财务收入","665","0","Income Account","Income","CZK"
"666 - Výnosy z krátkodobého finančního majetku / Income from Short-term Financial Assets / 短期金融资产收益","66 - Finanční výnosy / Financial Income / 财务收入","666","0","Income Account","Income","CZK"
"667 - Výnosy z derivátových operací / Income from Derivative Transactions / 衍生工具操作收益","66 - Finanční výnosy / Financial Income / 财务收入","667","0","Income Account","Income","CZK"
"668 - Ostatní finanční a mimořádné výnosy / Other Financial and Extraordinary Income / 其他金融和非经常性收益","66 - Finanční výnosy / Financial Income / 财务收入","668","0","Income Account","Income","CZK"
"669 - Přijaté dary ve finanční oblasti / Donations Received in Financial Area / 金融领域的接受捐赠","66 - Finanční výnosy / Financial Income / 财务收入","669","0","Income Account","Income","CZK"
"69 - Převodové účty / Conversion Accounts / 转换账户","6 - Výnosy / Revenue / 收入","69","1","","Income",""
"697 - Převod provozních výnosů / Conversion of Operating Income / 经营收益转换","69 - Převodové účty / Conversion Accounts / 转换账户","697","0","Income Account","Income","CZK"
"698 - Převod finančních výnosů / Conversion of Financial Income / 金融收益转换","69 - Převodové účty / Conversion Accounts / 转换账户","698","0","Income Account","Income","CZK"
"7 - Závěrkové a podrozvahové účty / Closing and Sub-ledger Accounts / 结账和分账账户","Equity - Vlastní kapitál","7","1","","Equity",""
"70 - Účty rozvažné / Provision Accounts / 审慎账户","7 - Závěrkové a podrozvahové účty / Closing and Sub-ledger Accounts / 结账和分账账户","70","1","","Equity",""
"701 - Počáteční účet rozvažný / Opening Provision Account / 期初审慎账户","70 - Účty rozvažné / Provision Accounts / 审慎账户","701","0","","Equity","CZK"
"702 - Konečný účet rozvažný / Closing Provision Account / 期末审慎账户","70 - Účty rozvažné / Provision Accounts / 审慎账户","702","0","","Equity","CZK"
"71 - Účet zisků a ztrát / Income Statement / 损益表","7 - Závěrkové a podrozvahové účty / Closing and Sub-ledger Accounts / 结账和分账账户","71","1","","Equity",""
"710 - Účet zisků a ztrát / Income Statement / 损益表","71 - Účet zisků a ztrát / Income Statement / 损益表","710","0","","Equity","CZK"
